ts,pair,side,rsi,sma_short,sma_long,price,qty,pnl,win,source,ADX,ATR,ATR_simplified,BB_Lower,BB_Middle,BB_Position,BB_Upper,BB_Width,CCI,DOW,Donchian_Pos_20,Donchian_Slope_20,Donchian_Width_Rel_20,EMACross_Diff,EMACross_Signal,HV,HeikinAshi_Close,HeikinAshi_High,HeikinAshi_Low,HeikinAshi_Open,HourOfDay,Ichimoku_Chikou,Ichimoku_Cloud_Thickness,Ichimoku_Composite_Signal,Ichimoku_Cross,Ichimoku_Diff_Norm,Ichimoku_Kijun,Ichimoku_Price_Cloud_Distance,Ichimoku_Senkou_A,Ichimoku_Senkou_B,Ichimoku_Tenkan,Ichimoku_Trend,KAMA,Kalman_Estimate,Kalman_Residual,Kalman_Residual_Norm,MACD,MFI,MinusDI,OBV,PlusDI,PriceVolumeCorr,ROC,RSI,ReturnMA_Medium,ReturnMA_Short,ReturnStdDev,Stochastic,Supertrend,Supertrend_Direction,TEMA,VWAP,ZScore,atr_10,close,ema_5,high,low,open,rolling_mean_20,timestamp,volume
2025-10-03 06:35:32,BTC/JPY,sell,50.0,17755340.0,17755340.0,17755340.0,0.00935021,0.0,0,coincheck_real,0.0,0.0,0.0,17400233.2,17755340.0,0.5,18110446.8,0.04,0.0,0.0,0.5,0.0,0.0,0.0,0,0.0,17755340.0,17755340.0,17755340.0,17755340.0,6,17755340.0,0.0,0,0,0.0,17755340.0,0.0,17755340.0,17755340.0,17755340.0,0,17755340.0,17755340.0,0.0,0.0,0.0,50.0,0.0,0.0,0.0,0.0,0.0,50.0,0.0,0.0,0.0,50.0,17755340.0,0,17755340.0,17755340.0,0.0,0.0,17755340.0,17755340.0,17755340.0,17755340.0,17755340.0,17755340.0,2025-10-03 06:35:32,0.00935021
2025-10-03 06:36:38,BTC/JPY,sell,50.0,17755001.0,17755001.0,17755001.0,0.01107218,0.0,0,coincheck_real,0.0,0.0,0.0,17399900.98,17755001.0,0.5,18110101.02,0.04,0.0,0.0,0.5,0.0,0.0,0.0,0,0.0,17755001.0,17755001.0,17755001.0,17755001.0,6,17755001.0,0.0,0,0,0.0,17755001.0,0.0,17755001.0,17755001.0,17755001.0,0,17755001.0,17755001.0,0.0,0.0,0.0,50.0,0.0,0.0,0.0,0.0,0.0,50.0,0.0,0.0,0.0,50.0,17755001.0,0,17755001.0,17755001.0,0.0,0.0,17755001.0,17755001.0,17755001.0,17755001.0,17755001.0,17755001.0,2025-10-03 06:36:38,0.01107218
2025-10-03 06:36:40,BTC/JPY,sell,50.0,17755000.0,17755000.0,17755000.0,0.00172768,0.0,0,coincheck_real,0.0,0.0,0.0,17399900.0,17755000.0,0.5,18110100.0,0.04,0.0,0.0,0.5,0.0,0.0,0.0,0,0.0,17755000.0,17755000.0,17755000.0,17755000.0,6,17755000.0,0.0,0,0,0.0,17755000.0,0.0,17755000.0,17755000.0,17755000.0,0,17755000.0,17755000.0,0.0,0.0,0.0,50.0,0.0,0.0,0.0,0.0,0.0,50.0,0.0,0.0,0.0,50.0,17755000.0,0,17755000.0,17755000.0,0.0,0.0,17755000.0,17755000.0,17755000.0,17755000.0,17755000.0,17755000.0,2025-10-03 06:36:40,0.00172768
2025-10-03 06:36:41,BTC/JPY,sell,50.0,17754770.0,17754770.0,17754770.0,0.0112,0.0,0,coincheck_real,0.0,0.0,0.0,17399674.6,17754770.0,0.5,18109865.4,0.04,0.0,0.0,0.5,0.0,0.0,0.0,0,0.0,17754770.0,17754770.0,17754770.0,17754770.0,6,17754770.0,0.0,0,0,0.0,17754770.0,0.0,17754770.0,17754770.0,17754770.0,0,17754770.0,17754770.0,0.0,0.0,0.0,50.0,0.0,0.0,0.0,0.0,0.0,50.0,0.0,0.0,0.0,50.0,17754770.0,0,17754770.0,17754770.0,0.0,0.0,17754770.0,17754770.0,17754770.0,17754770.0,17754770.0,17754770.0,2025-10-03 06:36:41,0.0112
2025-10-03 06:36:41,BTC/JPY,sell,50.0,17754770.0,17754770.0,17754770.0,0.0168,0.0,0,coincheck_real,0.0,0.0,0.0,17399674.6,17754770.0,0.5,18109865.4,0.04,0.0,0.0,0.5,0.0,0.0,0.0,0,0.0,17754770.0,17754770.0,17754770.0,17754770.0,6,17754770.0,0.0,0,0,0.0,17754770.0,0.0,17754770.0,17754770.0,17754770.0,0,17754770.0,17754770.0,0.0,0.0,0.0,50.0,0.0,0.0,0.0,0.0,0.0,50.0,0.0,0.0,0.0,50.0,17754770.0,0,17754770.0,17754770.0,0.0,0.0,17754770.0,17754770.0,17754770.0,17754770.0,17754770.0,17754770.0,2025-10-03 06:36:41,0.0168
2025-10-03 06:37:02,BTC/JPY,buy,50.0,17755134.0,17755134.0,17755134.0,0.008202,0.0,1,coincheck_real,0.0,0.0,0.0,17400031.32,17755134.0,0.5,18110236.68,0.04,0.0,0.0,0.5,0.0,0.0,0.0,0,0.0,17755134.0,17755134.0,17755134.0,17755134.0,6,17755134.0,0.0,0,0,0.0,17755134.0,0.0,17755134.0,17755134.0,17755134.0,0,17755134.0,17755134.0,0.0,0.0,0.0,50.0,0.0,0.0,0.0,0.0,0.0,50.0,0.0,0.0,0.0,50.0,17755134.0,0,17755134.0,17755134.0,0.0,0.0,17755134.0,17755134.0,17755134.0,17755134.0,17755134.0,17755134.0,2025-10-03 06:37:02,0.008202
2025-10-03 06:37:02,BTC/JPY,buy,50.0,17754423.0,17754423.0,17754423.0,0.019,0.0,1,coincheck_real,0.0,0.0,0.0,17399334.54,17754423.0,0.5,18109511.46,0.04,0.0,0.0,0.5,0.0,0.0,0.0,0,0.0,17754423.0,17754423.0,17754423.0,17754423.0,6,17754423.0,0.0,0,0,0.0,17754423.0,0.0,17754423.0,17754423.0,17754423.0,0,17754423.0,17754423.0,0.0,0.0,0.0,50.0,0.0,0.0,0.0,0.0,0.0,50.0,0.0,0.0,0.0,50.0,17754423.0,0,17754423.0,17754423.0,0.0,0.0,17754423.0,17754423.0,17754423.0,17754423.0,17754423.0,17754423.0,2025-10-03 06:37:02,0.019
2025-10-03 06:37:05,BTC/JPY,sell,50.0,17753370.0,17753370.0,17753370.0,0.00627,0.0,0,coincheck_real,0.0,0.0,0.0,17398302.6,17753370.0,0.5,18108437.4,0.04,0.0,0.0,0.5,0.0,0.0,0.0,0,0.0,17753370.0,17753370.0,17753370.0,17753370.0,6,17753370.0,0.0,0,0,0.0,17753370.0,0.0,17753370.0,17753370.0,17753370.0,0,17753370.0,17753370.0,0.0,0.0,0.0,50.0,0.0,0.0,0.0,0.0,0.0,50.0,0.0,0.0,0.0,50.0,17753370.0,0,17753370.0,17753370.0,0.0,0.0,17753370.0,17753370.0,17753370.0,17753370.0,17753370.0,17753370.0,2025-10-03 06:37:05,0.00627
2025-10-03 06:37:05,BTC/JPY,sell,50.0,17753371.0,17753371.0,17753371.0,0.00819051,0.0,0,coincheck_real,0.0,0.0,0.0,17398303.58,17753371.0,0.5,18108438.42,0.04,0.0,0.0,0.5,0.0,0.0,0.0,0,0.0,17753371.0,17753371.0,17753371.0,17753371.0,6,17753371.0,0.0,0,0,0.0,17753371.0,0.0,17753371.0,17753371.0,17753371.0,0,17753371.0,17753371.0,0.0,0.0,0.0,50.0,0.0,0.0,0.0,0.0,0.0,50.0,0.0,0.0,0.0,50.0,17753371.0,0,17753371.0,17753371.0,0.0,0.0,17753371.0,17753371.0,17753371.0,17753371.0,17753371.0,17753371.0,2025-10-03 06:37:05,0.00819051
2025-10-03 06:37:05,BTC/JPY,sell,50.0,17753371.0,17753371.0,17753371.0,0.0168,0.0,0,coincheck_real,0.0,0.0,0.0,17398303.58,17753371.0,0.5,18108438.42,0.04,0.0,0.0,0.5,0.0,0.0,0.0,0,0.0,17753371.0,17753371.0,17753371.0,17753371.0,6,17753371.0,0.0,0,0,0.0,17753371.0,0.0,17753371.0,17753371.0,17753371.0,0,17753371.0,17753371.0,0.0,0.0,0.0,50.0,0.0,0.0,0.0,0.0,0.0,50.0,0.0,0.0,0.0,50.0,17753371.0,0,17753371.0,17753371.0,0.0,0.0,17753371.0,17753371.0,17753371.0,17753371.0,17753371.0,17753371.0,2025-10-03 06:37:05,0.0168
2025-10-03 06:37:05,BTC/JPY,sell,50.0,17753371.0,17753371.0,17753371.0,0.08138732,0.0,0,coincheck_real,0.0,0.0,0.0,17398303.58,17753371.0,0.5,18108438.42,0.04,0.0,0.0,0.5,0.0,0.0,0.0,0,0.0,17753371.0,17753371.0,17753371.0,17753371.0,6,17753371.0,0.0,0,0,0.0,17753371.0,0.0,17753371.0,17753371.0,17753371.0,0,17753371.0,17753371.0,0.0,0.0,0.0,50.0,0.0,0.0,0.0,0.0,0.0,50.0,0.0,0.0,0.0,50.0,17753371.0,0,17753371.0,17753371.0,0.0,0.0,17753371.0,17753371.0,17753371.0,17753371.0,17753371.0,17753371.0,2025-10-03 06:37:05,0.08138732
2025-10-03 06:37:05,BTC/JPY,sell,50.0,17753371.0,17753371.0,17753371.0,0.00627,0.0,0,coincheck_real,0.0,0.0,0.0,17398303.58,17753371.0,0.5,18108438.42,0.04,0.0,0.0,0.5,0.0,0.0,0.0,0,0.0,17753371.0,17753371.0,17753371.0,17753371.0,6,17753371.0,0.0,0,0,0.0,17753371.0,0.0,17753371.0,17753371.0,17753371.0,0,17753371.0,17753371.0,0.0,0.0,0.0,50.0,0.0,0.0,0.0,0.0,0.0,50.0,0.0,0.0,0.0,50.0,17753371.0,0,17753371.0,17753371.0,0.0,0.0,17753371.0,17753371.0,17753371.0,17753371.0,17753371.0,17753371.0,2025-10-03 06:37:05,0.00627
2025-10-03 06:37:06,BTC/JPY,buy,50.0,17752853.0,17752853.0,17752853.0,0.001,0.0,1,coincheck_real,0.0,0.0,0.0,17397795.94,17752853.0,0.5,18107910.06,0.04,0.0,0.0,0.5,0.0,0.0,0.0,0,0.0,17752853.0,17752853.0,17752853.0,17752853.0,6,17752853.0,0.0,0,0,0.0,17752853.0,0.0,17752853.0,17752853.0,17752853.0,0,17752853.0,17752853.0,0.0,0.0,0.0,50.0,0.0,0.0,0.0,0.0,0.0,50.0,0.0,0.0,0.0,50.0,17752853.0,0,17752853.0,17752853.0,0.0,0.0,17752853.0,17752853.0,17752853.0,17752853.0,17752853.0,17752853.0,2025-10-03 06:37:06,0.001
2025-10-03 06:37:06,BTC/JPY,buy,50.0,17752853.0,17752853.0,17752853.0,0.005,0.0,1,coincheck_real,0.0,0.0,0.0,17397795.94,17752853.0,0.5,18107910.06,0.04,0.0,0.0,0.5,0.0,0.0,0.0,0,0.0,17752853.0,17752853.0,17752853.0,17752853.0,6,17752853.0,0.0,0,0,0.0,17752853.0,0.0,17752853.0,17752853.0,17752853.0,0,17752853.0,17752853.0,0.0,0.0,0.0,50.0,0.0,0.0,0.0,0.0,0.0,50.0,0.0,0.0,0.0,50.0,17752853.0,0,17752853.0,17752853.0,0.0,0.0,17752853.0,17752853.0,17752853.0,17752853.0,17752853.0,17752853.0,2025-10-03 06:37:06,0.005
2025-10-03 06:37:11,BTC/JPY,buy,50.0,17752964.0,17752964.0,17752964.0,0.001,0.0,1,coincheck_real,0.0,0.0,0.0,17397904.72,17752964.0,0.5,18108023.28,0.04,0.0,0.0,0.5,0.0,0.0,0.0,0,0.0,17752964.0,17752964.0,17752964.0,17752964.0,6,17752964.0,0.0,0,0,0.0,17752964.0,0.0,17752964.0,17752964.0,17752964.0,0,17752964.0,17752964.0,0.0,0.0,0.0,50.0,0.0,0.0,0.0,0.0,0.0,50.0,0.0,0.0,0.0,50.0,17752964.0,0,17752964.0,17752964.0,0.0,0.0,17752964.0,17752964.0,17752964.0,17752964.0,17752964.0,17752964.0,2025-10-03 06:37:11,0.001
2025-10-03 06:37:17,BTC/JPY,buy,50.0,17753866.0,17753866.0,17753866.0,0.0065625,0.0,1,coincheck_real,0.0,0.0,0.0,17398788.68,17753866.0,0.5,18108943.32,0.04,0.0,0.0,0.5,0.0,0.0,0.0,0,0.0,17753866.0,17753866.0,17753866.0,17753866.0,6,17753866.0,0.0,0,0,0.0,17753866.0,0.0,17753866.0,17753866.0,17753866.0,0,17753866.0,17753866.0,0.0,0.0,0.0,50.0,0.0,0.0,0.0,0.0,0.0,50.0,0.0,0.0,0.0,50.0,17753866.0,0,17753866.0,17753866.0,0.0,0.0,17753866.0,17753866.0,17753866.0,17753866.0,17753866.0,17753866.0,2025-10-03 06:37:17,0.0065625
2025-10-03 06:37:29,BTC/JPY,sell,50.0,17752790.0,17752790.0,17752790.0,0.019,0.0,0,coincheck_real,0.0,0.0,0.0,17397734.2,17752790.0,0.5,18107845.8,0.04,0.0,0.0,0.5,0.0,0.0,0.0,0,0.0,17752790.0,17752790.0,17752790.0,17752790.0,6,17752790.0,0.0,0,0,0.0,17752790.0,0.0,17752790.0,17752790.0,17752790.0,0,17752790.0,17752790.0,0.0,0.0,0.0,50.0,0.0,0.0,0.0,0.0,0.0,50.0,0.0,0.0,0.0,50.0,17752790.0,0,17752790.0,17752790.0,0.0,0.0,17752790.0,17752790.0,17752790.0,17752790.0,17752790.0,17752790.0,2025-10-03 06:37:29,0.019
2025-10-03 06:37:31,BTC/JPY,buy,50.0,17755683.0,17755683.0,17755683.0,0.0168,0.0,1,coincheck_real,0.0,0.0,0.0,17400569.34,17755683.0,0.5,18110796.66,0.04,0.0,0.0,0.5,0.0,0.0,0.0,0,0.0,17755683.0,17755683.0,17755683.0,17755683.0,6,17755683.0,0.0,0,0,0.0,17755683.0,0.0,17755683.0,17755683.0,17755683.0,0,17755683.0,17755683.0,0.0,0.0,0.0,50.0,0.0,0.0,0.0,0.0,0.0,50.0,0.0,0.0,0.0,50.0,17755683.0,0,17755683.0,17755683.0,0.0,0.0,17755683.0,17755683.0,17755683.0,17755683.0,17755683.0,17755683.0,2025-10-03 06:37:31,0.0168
2025-10-03 06:37:32,BTC/JPY,sell,50.0,17754086.0,17754086.0,17754086.0,0.01,0.0,0,coincheck_real,0.0,0.0,0.0,17399004.28,17754086.0,0.5,18109167.72,0.04,0.0,0.0,0.5,0.0,0.0,0.0,0,0.0,17754086.0,17754086.0,17754086.0,17754086.0,6,17754086.0,0.0,0,0,0.0,17754086.0,0.0,17754086.0,17754086.0,17754086.0,0,17754086.0,17754086.0,0.0,0.0,0.0,50.0,0.0,0.0,0.0,0.0,0.0,50.0,0.0,0.0,0.0,50.0,17754086.0,0,17754086.0,17754086.0,0.0,0.0,17754086.0,17754086.0,17754086.0,17754086.0,17754086.0,17754086.0,2025-10-03 06:37:32,0.01
2025-10-03 06:37:55,BTC/JPY,buy,50.0,17757506.0,17757506.0,17757506.0,0.00759092,0.0,1,coincheck_real,0.0,0.0,0.0,17402355.88,17757506.0,0.5,18112656.12,0.04,0.0,0.0,0.5,0.0,0.0,0.0,0,0.0,17757506.0,17757506.0,17757506.0,17757506.0,6,17757506.0,0.0,0,0,0.0,17757506.0,0.0,17757506.0,17757506.0,17757506.0,0,17757506.0,17757506.0,0.0,0.0,0.0,50.0,0.0,0.0,0.0,0.0,0.0,50.0,0.0,0.0,0.0,50.0,17757506.0,0,17757506.0,17757506.0,0.0,0.0,17757506.0,17757506.0,17757506.0,17757506.0,17757506.0,17757506.0,2025-10-03 06:37:55,0.00759092
2025-10-03 06:37:55,BTC/JPY,buy,50.0,17757506.0,17757506.0,17757506.0,0.00224938,0.0,1,coincheck_real,0.0,0.0,0.0,17402355.88,17757506.0,0.5,18112656.12,0.04,0.0,0.0,0.5,0.0,0.0,0.0,0,0.0,17757506.0,17757506.0,17757506.0,17757506.0,6,17757506.0,0.0,0,0,0.0,17757506.0,0.0,17757506.0,17757506.0,17757506.0,0,17757506.0,17757506.0,0.0,0.0,0.0,50.0,0.0,0.0,0.0,0.0,0.0,50.0,0.0,0.0,0.0,50.0,17757506.0,0,17757506.0,17757506.0,0.0,0.0,17757506.0,17757506.0,17757506.0,17757506.0,17757506.0,17757506.0,2025-10-03 06:37:55,0.00224938
2025-10-03 06:37:55,BTC/JPY,buy,50.0,17757506.0,17757506.0,17757506.0,0.0281,0.0,1,coincheck_real,0.0,0.0,0.0,17402355.88,17757506.0,0.5,18112656.12,0.04,0.0,0.0,0.5,0.0,0.0,0.0,0,0.0,17757506.0,17757506.0,17757506.0,17757506.0,6,17757506.0,0.0,0,0,0.0,17757506.0,0.0,17757506.0,17757506.0,17757506.0,0,17757506.0,17757506.0,0.0,0.0,0.0,50.0,0.0,0.0,0.0,0.0,0.0,50.0,0.0,0.0,0.0,50.0,17757506.0,0,17757506.0,17757506.0,0.0,0.0,17757506.0,17757506.0,17757506.0,17757506.0,17757506.0,17757506.0,2025-10-03 06:37:55,0.0281
2025-10-03 06:37:57,BTC/JPY,buy,50.0,17757506.0,17757506.0,17757506.0,0.00413822,0.0,1,coincheck_real,0.0,0.0,0.0,17402355.88,17757506.0,0.5,18112656.12,0.04,0.0,0.0,0.5,0.0,0.0,0.0,0,0.0,17757506.0,17757506.0,17757506.0,17757506.0,6,17757506.0,0.0,0,0,0.0,17757506.0,0.0,17757506.0,17757506.0,17757506.0,0,17757506.0,17757506.0,0.0,0.0,0.0,50.0,0.0,0.0,0.0,0.0,0.0,50.0,0.0,0.0,0.0,50.0,17757506.0,0,17757506.0,17757506.0,0.0,0.0,17757506.0,17757506.0,17757506.0,17757506.0,17757506.0,17757506.0,2025-10-03 06:37:57,0.00413822
2025-10-03 06:38:02,BTC/JPY,buy,50.0,17756723.0,17756723.0,17756723.0,0.0119,0.0,1,coincheck_real,0.0,0.0,0.0,17401588.54,17756723.0,0.5,18111857.46,0.04,0.0,0.0,0.5,0.0,0.0,0.0,0,0.0,17756723.0,17756723.0,17756723.0,17756723.0,6,17756723.0,0.0,0,0,0.0,17756723.0,0.0,17756723.0,17756723.0,17756723.0,0,17756723.0,17756723.0,0.0,0.0,0.0,50.0,0.0,0.0,0.0,0.0,0.0,50.0,0.0,0.0,0.0,50.0,17756723.0,0,17756723.0,17756723.0,0.0,0.0,17756723.0,17756723.0,17756723.0,17756723.0,17756723.0,17756723.0,2025-10-03 06:38:02,0.0119
2025-10-03 06:38:02,BTC/JPY,buy,50.0,17756723.0,17756723.0,17756723.0,0.0281,0.0,1,coincheck_real,0.0,0.0,0.0,17401588.54,17756723.0,0.5,18111857.46,0.04,0.0,0.0,0.5,0.0,0.0,0.0,0,0.0,17756723.0,17756723.0,17756723.0,17756723.0,6,17756723.0,0.0,0,0,0.0,17756723.0,0.0,17756723.0,17756723.0,17756723.0,0,17756723.0,17756723.0,0.0,0.0,0.0,50.0,0.0,0.0,0.0,0.0,0.0,50.0,0.0,0.0,0.0,50.0,17756723.0,0,17756723.0,17756723.0,0.0,0.0,17756723.0,17756723.0,17756723.0,17756723.0,17756723.0,17756723.0,2025-10-03 06:38:02,0.0281
2025-10-03 06:38:04,BTC/JPY,buy,50.0,17758140.0,17758140.0,17758140.0,0.00028455,0.0,1,coincheck_real,0.0,0.0,0.0,17402977.2,17758140.0,0.5,18113302.8,0.04,0.0,0.0,0.5,0.0,0.0,0.0,0,0.0,17758140.0,17758140.0,17758140.0,17758140.0,6,17758140.0,0.0,0,0,0.0,17758140.0,0.0,17758140.0,17758140.0,17758140.0,0,17758140.0,17758140.0,0.0,0.0,0.0,50.0,0.0,0.0,0.0,0.0,0.0,50.0,0.0,0.0,0.0,50.0,17758140.0,0,17758140.0,17758140.0,0.0,0.0,17758140.0,17758140.0,17758140.0,17758140.0,17758140.0,17758140.0,2025-10-03 06:38:04,0.00028455
2025-10-03 06:38:04,BTC/JPY,buy,50.0,17757506.0,17757506.0,17757506.0,0.00091545,0.0,1,coincheck_real,0.0,0.0,0.0,17402355.88,17757506.0,0.5,18112656.12,0.04,0.0,0.0,0.5,0.0,0.0,0.0,0,0.0,17757506.0,17757506.0,17757506.0,17757506.0,6,17757506.0,0.0,0,0,0.0,17757506.0,0.0,17757506.0,17757506.0,17757506.0,0,17757506.0,17757506.0,0.0,0.0,0.0,50.0,0.0,0.0,0.0,0.0,0.0,50.0,0.0,0.0,0.0,50.0,17757506.0,0,17757506.0,17757506.0,0.0,0.0,17757506.0,17757506.0,17757506.0,17757506.0,17757506.0,17757506.0,2025-10-03 06:38:04,0.00091545
2025-10-03 06:38:36,BTC/JPY,buy,50.0,17757224.0,17757224.0,17757224.0,0.027337,0.0,1,coincheck_real,0.0,0.0,0.0,17402079.52,17757224.0,0.5,18112368.48,0.04,0.0,0.0,0.5,0.0,0.0,0.0,0,0.0,17757224.0,17757224.0,17757224.0,17757224.0,6,17757224.0,0.0,0,0,0.0,17757224.0,0.0,17757224.0,17757224.0,17757224.0,0,17757224.0,17757224.0,0.0,0.0,0.0,50.0,0.0,0.0,0.0,0.0,0.0,50.0,0.0,0.0,0.0,50.0,17757224.0,0,17757224.0,17757224.0,0.0,0.0,17757224.0,17757224.0,17757224.0,17757224.0,17757224.0,17757224.0,2025-10-03 06:38:36,0.027337
2025-10-03 06:38:51,BTC/JPY,sell,50.0,17755644.0,17755644.0,17755644.0,0.05,0.0,0,coincheck_real,0.0,0.0,0.0,17400531.12,17755644.0,0.5,18110756.88,0.04,0.0,0.0,0.5,0.0,0.0,0.0,0,0.0,17755644.0,17755644.0,17755644.0,17755644.0,6,17755644.0,0.0,0,0,0.0,17755644.0,0.0,17755644.0,17755644.0,17755644.0,0,17755644.0,17755644.0,0.0,0.0,0.0,50.0,0.0,0.0,0.0,0.0,0.0,50.0,0.0,0.0,0.0,50.0,17755644.0,0,17755644.0,17755644.0,0.0,0.0,17755644.0,17755644.0,17755644.0,17755644.0,17755644.0,17755644.0,2025-10-03 06:38:51,0.05
2025-10-03 06:39:05,BTC/JPY,buy,50.0,17757913.0,17757913.0,17757913.0,1.19e-06,0.0,1,coincheck_real,0.0,0.0,0.0,17402754.74,17757913.0,0.5,18113071.26,0.04,0.0,0.0,0.5,0.0,0.0,0.0,0,0.0,17757913.0,17757913.0,17757913.0,17757913.0,6,17757913.0,0.0,0,0,0.0,17757913.0,0.0,17757913.0,17757913.0,17757913.0,0,17757913.0,17757913.0,0.0,0.0,0.0,50.0,0.0,0.0,0.0,0.0,0.0,50.0,0.0,0.0,0.0,50.0,17757913.0,0,17757913.0,17757913.0,0.0,0.0,17757913.0,17757913.0,17757913.0,17757913.0,17757913.0,17757913.0,2025-10-03 06:39:05,1.19e-06
2025-10-03 06:39:11,BTC/JPY,sell,50.0,17755263.0,17755263.0,17755263.0,0.04042539,0.0,0,coincheck_real,0.0,0.0,0.0,17400157.74,17755263.0,0.5,18110368.26,0.04,0.0,0.0,0.5,0.0,0.0,0.0,0,0.0,17755263.0,17755263.0,17755263.0,17755263.0,6,17755263.0,0.0,0,0,0.0,17755263.0,0.0,17755263.0,17755263.0,17755263.0,0,17755263.0,17755263.0,0.0,0.0,0.0,50.0,0.0,0.0,0.0,0.0,0.0,50.0,0.0,0.0,0.0,50.0,17755263.0,0,17755263.0,17755263.0,0.0,0.0,17755263.0,17755263.0,17755263.0,17755263.0,17755263.0,17755263.0,2025-10-03 06:39:11,0.04042539
2025-10-03 06:39:11,BTC/JPY,sell,50.0,17755275.0,17755275.0,17755275.0,0.00957461,0.0,0,coincheck_real,0.0,0.0,0.0,17400169.5,17755275.0,0.5,18110380.5,0.04,0.0,0.0,0.5,0.0,0.0,0.0,0,0.0,17755275.0,17755275.0,17755275.0,17755275.0,6,17755275.0,0.0,0,0,0.0,17755275.0,0.0,17755275.0,17755275.0,17755275.0,0,17755275.0,17755275.0,0.0,0.0,0.0,50.0,0.0,0.0,0.0,0.0,0.0,50.0,0.0,0.0,0.0,50.0,17755275.0,0,17755275.0,17755275.0,0.0,0.0,17755275.0,17755275.0,17755275.0,17755275.0,17755275.0,17755275.0,2025-10-03 06:39:11,0.00957461
2025-10-03 06:39:13,BTC/JPY,sell,50.0,17755263.0,17755263.0,17755263.0,0.05,0.0,0,coincheck_real,0.0,0.0,0.0,17400157.74,17755263.0,0.5,18110368.26,0.04,0.0,0.0,0.5,0.0,0.0,0.0,0,0.0,17755263.0,17755263.0,17755263.0,17755263.0,6,17755263.0,0.0,0,0,0.0,17755263.0,0.0,17755263.0,17755263.0,17755263.0,0,17755263.0,17755263.0,0.0,0.0,0.0,50.0,0.0,0.0,0.0,0.0,0.0,50.0,0.0,0.0,0.0,50.0,17755263.0,0,17755263.0,17755263.0,0.0,0.0,17755263.0,17755263.0,17755263.0,17755263.0,17755263.0,17755263.0,2025-10-03 06:39:13,0.05
2025-10-03 06:39:21,BTC/JPY,sell,50.0,17755078.0,17755078.0,17755078.0,0.04368812,0.0,0,coincheck_real,0.0,0.0,0.0,17399976.44,17755078.0,0.5,18110179.56,0.04,0.0,0.0,0.5,0.0,0.0,0.0,0,0.0,17755078.0,17755078.0,17755078.0,17755078.0,6,17755078.0,0.0,0,0,0.0,17755078.0,0.0,17755078.0,17755078.0,17755078.0,0,17755078.0,17755078.0,0.0,0.0,0.0,50.0,0.0,0.0,0.0,0.0,0.0,50.0,0.0,0.0,0.0,50.0,17755078.0,0,17755078.0,17755078.0,0.0,0.0,17755078.0,17755078.0,17755078.0,17755078.0,17755078.0,17755078.0,2025-10-03 06:39:21,0.04368812
2025-10-03 06:39:21,BTC/JPY,sell,50.0,17755198.0,17755198.0,17755198.0,0.00631188,0.0,0,coincheck_real,0.0,0.0,0.0,17400094.04,17755198.0,0.5,18110301.96,0.04,0.0,0.0,0.5,0.0,0.0,0.0,0,0.0,17755198.0,17755198.0,17755198.0,17755198.0,6,17755198.0,0.0,0,0,0.0,17755198.0,0.0,17755198.0,17755198.0,17755198.0,0,17755198.0,17755198.0,0.0,0.0,0.0,50.0,0.0,0.0,0.0,0.0,0.0,50.0,0.0,0.0,0.0,50.0,17755198.0,0,17755198.0,17755198.0,0.0,0.0,17755198.0,17755198.0,17755198.0,17755198.0,17755198.0,17755198.0,2025-10-03 06:39:21,0.00631188
2025-10-03 06:39:32,BTC/JPY,buy,50.0,17757634.0,17757634.0,17757634.0,0.00027335,0.0,1,coincheck_real,0.0,0.0,0.0,17402481.32,17757634.0,0.5,18112786.68,0.04,0.0,0.0,0.5,0.0,0.0,0.0,0,0.0,17757634.0,17757634.0,17757634.0,17757634.0,6,17757634.0,0.0,0,0,0.0,17757634.0,0.0,17757634.0,17757634.0,17757634.0,0,17757634.0,17757634.0,0.0,0.0,0.0,50.0,0.0,0.0,0.0,0.0,0.0,50.0,0.0,0.0,0.0,50.0,17757634.0,0,17757634.0,17757634.0,0.0,0.0,17757634.0,17757634.0,17757634.0,17757634.0,17757634.0,17757634.0,2025-10-03 06:39:32,0.00027335
2025-10-03 06:39:38,BTC/JPY,buy,50.0,17757467.0,17757467.0,17757467.0,0.01922117,0.0,1,coincheck_real,0.0,0.0,0.0,17402317.66,17757467.0,0.5,18112616.34,0.04,0.0,0.0,0.5,0.0,0.0,0.0,0,0.0,17757467.0,17757467.0,17757467.0,17757467.0,6,17757467.0,0.0,0,0,0.0,17757467.0,0.0,17757467.0,17757467.0,17757467.0,0,17757467.0,17757467.0,0.0,0.0,0.0,50.0,0.0,0.0,0.0,0.0,0.0,50.0,0.0,0.0,0.0,50.0,17757467.0,0,17757467.0,17757467.0,0.0,0.0,17757467.0,17757467.0,17757467.0,17757467.0,17757467.0,17757467.0,2025-10-03 06:39:38,0.01922117
2025-10-03 06:39:38,BTC/JPY,buy,50.0,17757399.0,17757399.0,17757399.0,0.03,0.0,1,coincheck_real,0.0,0.0,0.0,17402251.02,17757399.0,0.5,18112546.98,0.04,0.0,0.0,0.5,0.0,0.0,0.0,0,0.0,17757399.0,17757399.0,17757399.0,17757399.0,6,17757399.0,0.0,0,0,0.0,17757399.0,0.0,17757399.0,17757399.0,17757399.0,0,17757399.0,17757399.0,0.0,0.0,0.0,50.0,0.0,0.0,0.0,0.0,0.0,50.0,0.0,0.0,0.0,50.0,17757399.0,0,17757399.0,17757399.0,0.0,0.0,17757399.0,17757399.0,17757399.0,17757399.0,17757399.0,17757399.0,2025-10-03 06:39:38,0.03
2025-10-03 06:39:38,BTC/JPY,buy,50.0,17757379.0,17757379.0,17757379.0,0.02861149,0.0,1,coincheck_real,0.0,0.0,0.0,17402231.419999998,17757379.0,0.5,18112526.580000002,0.04,0.0,0.0,0.5,0.0,0.0,0.0,0,0.0,17757379.0,17757379.0,17757379.0,17757379.0,6,17757379.0,0.0,0,0,0.0,17757379.0,0.0,17757379.0,17757379.0,17757379.0,0,17757379.0,17757379.0,0.0,0.0,0.0,50.0,0.0,0.0,0.0,0.0,0.0,50.0,0.0,0.0,0.0,50.0,17757379.0,0,17757379.0,17757379.0,0.0,0.0,17757379.0,17757379.0,17757379.0,17757379.0,17757379.0,17757379.0,2025-10-03 06:39:38,0.02861149
2025-10-03 06:39:38,BTC/JPY,buy,50.0,17757317.0,17757317.0,17757317.0,0.03,0.0,1,coincheck_real,0.0,0.0,0.0,17402170.66,17757317.0,0.5,18112463.34,0.04,0.0,0.0,0.5,0.0,0.0,0.0,0,0.0,17757317.0,17757317.0,17757317.0,17757317.0,6,17757317.0,0.0,0,0,0.0,17757317.0,0.0,17757317.0,17757317.0,17757317.0,0,17757317.0,17757317.0,0.0,0.0,0.0,50.0,0.0,0.0,0.0,0.0,0.0,50.0,0.0,0.0,0.0,50.0,17757317.0,0,17757317.0,17757317.0,0.0,0.0,17757317.0,17757317.0,17757317.0,17757317.0,17757317.0,17757317.0,2025-10-03 06:39:38,0.03
2025-10-03 06:39:44,BTC/JPY,sell,50.0,17755231.0,17755231.0,17755231.0,0.01969932,0.0,0,coincheck_real,0.0,0.0,0.0,17400126.38,17755231.0,0.5,18110335.62,0.04,0.0,0.0,0.5,0.0,0.0,0.0,0,0.0,17755231.0,17755231.0,17755231.0,17755231.0,6,17755231.0,0.0,0,0,0.0,17755231.0,0.0,17755231.0,17755231.0,17755231.0,0,17755231.0,17755231.0,0.0,0.0,0.0,50.0,0.0,0.0,0.0,0.0,0.0,50.0,0.0,0.0,0.0,50.0,17755231.0,0,17755231.0,17755231.0,0.0,0.0,17755231.0,17755231.0,17755231.0,17755231.0,17755231.0,17755231.0,2025-10-03 06:39:44,0.01969932
2025-10-03 06:39:44,BTC/JPY,sell,50.0,17755289.0,17755289.0,17755289.0,0.03030068,0.0,0,coincheck_real,0.0,0.0,0.0,17400183.22,17755289.0,0.5,18110394.78,0.04,0.0,0.0,0.5,0.0,0.0,0.0,0,0.0,17755289.0,17755289.0,17755289.0,17755289.0,6,17755289.0,0.0,0,0,0.0,17755289.0,0.0,17755289.0,17755289.0,17755289.0,0,17755289.0,17755289.0,0.0,0.0,0.0,50.0,0.0,0.0,0.0,0.0,0.0,50.0,0.0,0.0,0.0,50.0,17755289.0,0,17755289.0,17755289.0,0.0,0.0,17755289.0,17755289.0,17755289.0,17755289.0,17755289.0,17755289.0,2025-10-03 06:39:44,0.03030068
2025-10-03 06:39:47,BTC/JPY,buy,50.0,17758078.0,17758078.0,17758078.0,0.0020654,0.0,1,coincheck_real,0.0,0.0,0.0,17402916.44,17758078.0,0.5,18113239.56,0.04,0.0,0.0,0.5,0.0,0.0,0.0,0,0.0,17758078.0,17758078.0,17758078.0,17758078.0,6,17758078.0,0.0,0,0,0.0,17758078.0,0.0,17758078.0,17758078.0,17758078.0,0,17758078.0,17758078.0,0.0,0.0,0.0,50.0,0.0,0.0,0.0,0.0,0.0,50.0,0.0,0.0,0.0,50.0,17758078.0,0,17758078.0,17758078.0,0.0,0.0,17758078.0,17758078.0,17758078.0,17758078.0,17758078.0,17758078.0,2025-10-03 06:39:47,0.0020654
2025-10-03 06:39:47,BTC/JPY,buy,50.0,17757739.0,17757739.0,17757739.0,0.03,0.0,1,coincheck_real,0.0,0.0,0.0,17402584.22,17757739.0,0.5,18112893.78,0.04,0.0,0.0,0.5,0.0,0.0,0.0,0,0.0,17757739.0,17757739.0,17757739.0,17757739.0,6,17757739.0,0.0,0,0,0.0,17757739.0,0.0,17757739.0,17757739.0,17757739.0,0,17757739.0,17757739.0,0.0,0.0,0.0,50.0,0.0,0.0,0.0,0.0,0.0,50.0,0.0,0.0,0.0,50.0,17757739.0,0,17757739.0,17757739.0,0.0,0.0,17757739.0,17757739.0,17757739.0,17757739.0,17757739.0,17757739.0,2025-10-03 06:39:47,0.03
2025-10-03 06:39:47,BTC/JPY,buy,50.0,17757588.0,17757588.0,17757588.0,0.01927232,0.0,1,coincheck_real,0.0,0.0,0.0,17402436.24,17757588.0,0.5,18112739.76,0.04,0.0,0.0,0.5,0.0,0.0,0.0,0,0.0,17757588.0,17757588.0,17757588.0,17757588.0,6,17757588.0,0.0,0,0,0.0,17757588.0,0.0,17757588.0,17757588.0,17757588.0,0,17757588.0,17757588.0,0.0,0.0,0.0,50.0,0.0,0.0,0.0,0.0,0.0,50.0,0.0,0.0,0.0,50.0,17757588.0,0,17757588.0,17757588.0,0.0,0.0,17757588.0,17757588.0,17757588.0,17757588.0,17757588.0,17757588.0,2025-10-03 06:39:47,0.01927232
2025-10-03 06:39:47,BTC/JPY,buy,50.0,17757562.0,17757562.0,17757562.0,0.00957338,0.0,1,coincheck_real,0.0,0.0,0.0,17402410.759999998,17757562.0,0.5,18112713.240000002,0.04,0.0,0.0,0.5,0.0,0.0,0.0,0,0.0,17757562.0,17757562.0,17757562.0,17757562.0,6,17757562.0,0.0,0,0,0.0,17757562.0,0.0,17757562.0,17757562.0,17757562.0,0,17757562.0,17757562.0,0.0,0.0,0.0,50.0,0.0,0.0,0.0,0.0,0.0,50.0,0.0,0.0,0.0,50.0,17757562.0,0,17757562.0,17757562.0,0.0,0.0,17757562.0,17757562.0,17757562.0,17757562.0,17757562.0,17757562.0,2025-10-03 06:39:47,0.00957338
2025-10-03 06:39:47,BTC/JPY,buy,50.0,17757520.0,17757520.0,17757520.0,0.015,0.0,1,coincheck_real,0.0,0.0,0.0,17402369.6,17757520.0,0.5,18112670.4,0.04,0.0,0.0,0.5,0.0,0.0,0.0,0,0.0,17757520.0,17757520.0,17757520.0,17757520.0,6,17757520.0,0.0,0,0,0.0,17757520.0,0.0,17757520.0,17757520.0,17757520.0,0,17757520.0,17757520.0,0.0,0.0,0.0,50.0,0.0,0.0,0.0,0.0,0.0,50.0,0.0,0.0,0.0,50.0,17757520.0,0,17757520.0,17757520.0,0.0,0.0,17757520.0,17757520.0,17757520.0,17757520.0,17757520.0,17757520.0,2025-10-03 06:39:47,0.015
2025-10-03 06:39:47,BTC/JPY,buy,50.0,17757499.0,17757499.0,17757499.0,0.01969932,0.0,1,coincheck_real,0.0,0.0,0.0,17402349.02,17757499.0,0.5,18112648.98,0.04,0.0,0.0,0.5,0.0,0.0,0.0,0,0.0,17757499.0,17757499.0,17757499.0,17757499.0,6,17757499.0,0.0,0,0,0.0,17757499.0,0.0,17757499.0,17757499.0,17757499.0,0,17757499.0,17757499.0,0.0,0.0,0.0,50.0,0.0,0.0,0.0,0.0,0.0,50.0,0.0,0.0,0.0,50.0,17757499.0,0,17757499.0,17757499.0,0.0,0.0,17757499.0,17757499.0,17757499.0,17757499.0,17757499.0,17757499.0,2025-10-03 06:39:47,0.01969932
2025-10-03 06:39:50,BTC/JPY,sell,50.0,17756103.0,17756103.0,17756103.0,0.02,0.0,0,coincheck_real,0.0,0.0,0.0,17400980.94,17756103.0,0.5,18111225.06,0.04,0.0,0.0,0.5,0.0,0.0,0.0,0,0.0,17756103.0,17756103.0,17756103.0,17756103.0,6,17756103.0,0.0,0,0,0.0,17756103.0,0.0,17756103.0,17756103.0,17756103.0,0,17756103.0,17756103.0,0.0,0.0,0.0,50.0,0.0,0.0,0.0,0.0,0.0,50.0,0.0,0.0,0.0,50.0,17756103.0,0,17756103.0,17756103.0,0.0,0.0,17756103.0,17756103.0,17756103.0,17756103.0,17756103.0,17756103.0,2025-10-03 06:39:50,0.02
2025-10-03 06:39:50,BTC/JPY,sell,50.0,17756198.0,17756198.0,17756198.0,0.03,0.0,0,coincheck_real,0.0,0.0,0.0,17401074.04,17756198.0,0.5,18111321.96,0.04,0.0,0.0,0.5,0.0,0.0,0.0,0,0.0,17756198.0,17756198.0,17756198.0,17756198.0,6,17756198.0,0.0,0,0,0.0,17756198.0,0.0,17756198.0,17756198.0,17756198.0,0,17756198.0,17756198.0,0.0,0.0,0.0,50.0,0.0,0.0,0.0,0.0,0.0,50.0,0.0,0.0,0.0,50.0,17756198.0,0,17756198.0,17756198.0,0.0,0.0,17756198.0,17756198.0,17756198.0,17756198.0,17756198.0,17756198.0,2025-10-03 06:39:50,0.03
2025-10-03 06:39:53,BTC/JPY,sell,50.0,17756698.0,17756698.0,17756698.0,0.05,0.0,0,coincheck_real,0.0,0.0,0.0,17401564.04,17756698.0,0.5,18111831.96,0.04,0.0,0.0,0.5,0.0,0.0,0.0,0,0.0,17756698.0,17756698.0,17756698.0,17756698.0,6,17756698.0,0.0,0,0,0.0,17756698.0,0.0,17756698.0,17756698.0,17756698.0,0,17756698.0,17756698.0,0.0,0.0,0.0,50.0,0.0,0.0,0.0,0.0,0.0,50.0,0.0,0.0,0.0,50.0,17756698.0,0,17756698.0,17756698.0,0.0,0.0,17756698.0,17756698.0,17756698.0,17756698.0,17756698.0,17756698.0,2025-10-03 06:39:53,0.05
2025-10-03 06:39:55,BTC/JPY,buy,50.0,17759943.0,17759943.0,17759943.0,0.0089992,0.0,1,coincheck_real,0.0,0.0,0.0,17404744.14,17759943.0,0.5,18115141.86,0.04,0.0,0.0,0.5,0.0,0.0,0.0,0,0.0,17759943.0,17759943.0,17759943.0,17759943.0,6,17759943.0,0.0,0,0,0.0,17759943.0,0.0,17759943.0,17759943.0,17759943.0,0,17759943.0,17759943.0,0.0,0.0,0.0,50.0,0.0,0.0,0.0,0.0,0.0,50.0,0.0,0.0,0.0,50.0,17759943.0,0,17759943.0,17759943.0,0.0,0.0,17759943.0,17759943.0,17759943.0,17759943.0,17759943.0,17759943.0,2025-10-03 06:39:55,0.0089992
2025-10-03 06:39:55,BTC/JPY,buy,50.0,17759431.0,17759431.0,17759431.0,0.03,0.0,1,coincheck_real,0.0,0.0,0.0,17404242.38,17759431.0,0.5,18114619.62,0.04,0.0,0.0,0.5,0.0,0.0,0.0,0,0.0,17759431.0,17759431.0,17759431.0,17759431.0,6,17759431.0,0.0,0,0,0.0,17759431.0,0.0,17759431.0,17759431.0,17759431.0,0,17759431.0,17759431.0,0.0,0.0,0.0,50.0,0.0,0.0,0.0,0.0,0.0,50.0,0.0,0.0,0.0,50.0,17759431.0,0,17759431.0,17759431.0,0.0,0.0,17759431.0,17759431.0,17759431.0,17759431.0,17759431.0,17759431.0,2025-10-03 06:39:55,0.03
2025-10-03 06:39:55,BTC/JPY,buy,50.0,17759231.0,17759231.0,17759231.0,0.02,0.0,1,coincheck_real,0.0,0.0,0.0,17404046.38,17759231.0,0.5,18114415.62,0.04,0.0,0.0,0.5,0.0,0.0,0.0,0,0.0,17759231.0,17759231.0,17759231.0,17759231.0,6,17759231.0,0.0,0,0,0.0,17759231.0,0.0,17759231.0,17759231.0,17759231.0,0,17759231.0,17759231.0,0.0,0.0,0.0,50.0,0.0,0.0,0.0,0.0,0.0,50.0,0.0,0.0,0.0,50.0,17759231.0,0,17759231.0,17759231.0,0.0,0.0,17759231.0,17759231.0,17759231.0,17759231.0,17759231.0,17759231.0,2025-10-03 06:39:55,0.02
2025-10-03 06:39:57,BTC/JPY,buy,50.0,17756698.0,17756698.0,17756698.0,0.0119,0.0,1,coincheck_real,0.0,0.0,0.0,17401564.04,17756698.0,0.5,18111831.96,0.04,0.0,0.0,0.5,0.0,0.0,0.0,0,0.0,17756698.0,17756698.0,17756698.0,17756698.0,6,17756698.0,0.0,0,0,0.0,17756698.0,0.0,17756698.0,17756698.0,17756698.0,0,17756698.0,17756698.0,0.0,0.0,0.0,50.0,0.0,0.0,0.0,0.0,0.0,50.0,0.0,0.0,0.0,50.0,17756698.0,0,17756698.0,17756698.0,0.0,0.0,17756698.0,17756698.0,17756698.0,17756698.0,17756698.0,17756698.0,2025-10-03 06:39:57,0.0119
2025-10-03 06:39:57,BTC/JPY,buy,50.0,17756698.0,17756698.0,17756698.0,0.0281,0.0,1,coincheck_real,0.0,0.0,0.0,17401564.04,17756698.0,0.5,18111831.96,0.04,0.0,0.0,0.5,0.0,0.0,0.0,0,0.0,17756698.0,17756698.0,17756698.0,17756698.0,6,17756698.0,0.0,0,0,0.0,17756698.0,0.0,17756698.0,17756698.0,17756698.0,0,17756698.0,17756698.0,0.0,0.0,0.0,50.0,0.0,0.0,0.0,0.0,0.0,50.0,0.0,0.0,0.0,50.0,17756698.0,0,17756698.0,17756698.0,0.0,0.0,17756698.0,17756698.0,17756698.0,17756698.0,17756698.0,17756698.0,2025-10-03 06:39:57,0.0281
2025-10-03 06:39:57,BTC/JPY,buy,50.0,17756698.0,17756698.0,17756698.0,0.03,0.0,1,coincheck_real,0.0,0.0,0.0,17401564.04,17756698.0,0.5,18111831.96,0.04,0.0,0.0,0.5,0.0,0.0,0.0,0,0.0,17756698.0,17756698.0,17756698.0,17756698.0,6,17756698.0,0.0,0,0,0.0,17756698.0,0.0,17756698.0,17756698.0,17756698.0,0,17756698.0,17756698.0,0.0,0.0,0.0,50.0,0.0,0.0,0.0,0.0,0.0,50.0,0.0,0.0,0.0,50.0,17756698.0,0,17756698.0,17756698.0,0.0,0.0,17756698.0,17756698.0,17756698.0,17756698.0,17756698.0,17756698.0,2025-10-03 06:39:57,0.03
2025-10-03 06:39:57,BTC/JPY,sell,50.0,17755469.0,17755469.0,17755469.0,0.0089354,0.0,0,coincheck_real,0.0,0.0,0.0,17400359.62,17755469.0,0.5,18110578.38,0.04,0.0,0.0,0.5,0.0,0.0,0.0,0,0.0,17755469.0,17755469.0,17755469.0,17755469.0,6,17755469.0,0.0,0,0,0.0,17755469.0,0.0,17755469.0,17755469.0,17755469.0,0,17755469.0,17755469.0,0.0,0.0,0.0,50.0,0.0,0.0,0.0,0.0,0.0,50.0,0.0,0.0,0.0,50.0,17755469.0,0,17755469.0,17755469.0,0.0,0.0,17755469.0,17755469.0,17755469.0,17755469.0,17755469.0,17755469.0,2025-10-03 06:39:57,0.0089354
2025-10-03 06:39:57,BTC/JPY,sell,50.0,17755562.0,17755562.0,17755562.0,0.0110646,0.0,0,coincheck_real,0.0,0.0,0.0,17400450.759999998,17755562.0,0.5,18110673.240000002,0.04,0.0,0.0,0.5,0.0,0.0,0.0,0,0.0,17755562.0,17755562.0,17755562.0,17755562.0,6,17755562.0,0.0,0,0,0.0,17755562.0,0.0,17755562.0,17755562.0,17755562.0,0,17755562.0,17755562.0,0.0,0.0,0.0,50.0,0.0,0.0,0.0,0.0,0.0,50.0,0.0,0.0,0.0,50.0,17755562.0,0,17755562.0,17755562.0,0.0,0.0,17755562.0,17755562.0,17755562.0,17755562.0,17755562.0,17755562.0,2025-10-03 06:39:57,0.0110646
2025-10-03 06:39:57,BTC/JPY,sell,50.0,17756443.0,17756443.0,17756443.0,0.03,0.0,0,coincheck_real,0.0,0.0,0.0,17401314.14,17756443.0,0.5,18111571.86,0.04,0.0,0.0,0.5,0.0,0.0,0.0,0,0.0,17756443.0,17756443.0,17756443.0,17756443.0,6,17756443.0,0.0,0,0,0.0,17756443.0,0.0,17756443.0,17756443.0,17756443.0,0,17756443.0,17756443.0,0.0,0.0,0.0,50.0,0.0,0.0,0.0,0.0,0.0,50.0,0.0,0.0,0.0,50.0,17756443.0,0,17756443.0,17756443.0,0.0,0.0,17756443.0,17756443.0,17756443.0,17756443.0,17756443.0,17756443.0,2025-10-03 06:39:57,0.03
2025-10-03 06:40:00,BTC/JPY,sell,50.0,17755914.0,17755914.0,17755914.0,0.02,0.0,0,coincheck_real,0.0,0.0,0.0,17400795.72,17755914.0,0.5,18111032.28,0.04,0.0,0.0,0.5,0.0,0.0,0.0,0,0.0,17755914.0,17755914.0,17755914.0,17755914.0,6,17755914.0,0.0,0,0,0.0,17755914.0,0.0,17755914.0,17755914.0,17755914.0,0,17755914.0,17755914.0,0.0,0.0,0.0,50.0,0.0,0.0,0.0,0.0,0.0,50.0,0.0,0.0,0.0,50.0,17755914.0,0,17755914.0,17755914.0,0.0,0.0,17755914.0,17755914.0,17755914.0,17755914.0,17755914.0,17755914.0,2025-10-03 06:40:00,0.02
2025-10-03 06:40:00,BTC/JPY,sell,50.0,17755923.0,17755923.0,17755923.0,0.03,0.0,0,coincheck_real,0.0,0.0,0.0,17400804.54,17755923.0,0.5,18111041.46,0.04,0.0,0.0,0.5,0.0,0.0,0.0,0,0.0,17755923.0,17755923.0,17755923.0,17755923.0,6,17755923.0,0.0,0,0,0.0,17755923.0,0.0,17755923.0,17755923.0,17755923.0,0,17755923.0,17755923.0,0.0,0.0,0.0,50.0,0.0,0.0,0.0,0.0,0.0,50.0,0.0,0.0,0.0,50.0,17755923.0,0,17755923.0,17755923.0,0.0,0.0,17755923.0,17755923.0,17755923.0,17755923.0,17755923.0,17755923.0,2025-10-03 06:40:00,0.03
2025-10-03 06:40:01,BTC/JPY,buy,50.0,17756698.0,17756698.0,17756698.0,0.0352725,0.0,1,coincheck_real,0.0,0.0,0.0,17401564.04,17756698.0,0.5,18111831.96,0.04,0.0,0.0,0.5,0.0,0.0,0.0,0,0.0,17756698.0,17756698.0,17756698.0,17756698.0,6,17756698.0,0.0,0,0,0.0,17756698.0,0.0,17756698.0,17756698.0,17756698.0,0,17756698.0,17756698.0,0.0,0.0,0.0,50.0,0.0,0.0,0.0,0.0,0.0,50.0,0.0,0.0,0.0,50.0,17756698.0,0,17756698.0,17756698.0,0.0,0.0,17756698.0,17756698.0,17756698.0,17756698.0,17756698.0,17756698.0,2025-10-03 06:40:01,0.0352725
2025-10-03 06:40:01,BTC/JPY,buy,50.0,17756686.0,17756686.0,17756686.0,0.00957385,0.0,1,coincheck_real,0.0,0.0,0.0,17401552.28,17756686.0,0.5,18111819.72,0.04,0.0,0.0,0.5,0.0,0.0,0.0,0,0.0,17756686.0,17756686.0,17756686.0,17756686.0,6,17756686.0,0.0,0,0,0.0,17756686.0,0.0,17756686.0,17756686.0,17756686.0,0,17756686.0,17756686.0,0.0,0.0,0.0,50.0,0.0,0.0,0.0,0.0,0.0,50.0,0.0,0.0,0.0,50.0,17756686.0,0,17756686.0,17756686.0,0.0,0.0,17756686.0,17756686.0,17756686.0,17756686.0,17756686.0,17756686.0,2025-10-03 06:40:01,0.00957385
2025-10-03 06:40:02,BTC/JPY,sell,50.0,17755786.0,17755786.0,17755786.0,0.03077883,0.0,0,coincheck_real,0.0,0.0,0.0,17400670.28,17755786.0,0.5,18110901.72,0.04,0.0,0.0,0.5,0.0,0.0,0.0,0,0.0,17755786.0,17755786.0,17755786.0,17755786.0,6,17755786.0,0.0,0,0,0.0,17755786.0,0.0,17755786.0,17755786.0,17755786.0,0,17755786.0,17755786.0,0.0,0.0,0.0,50.0,0.0,0.0,0.0,0.0,0.0,50.0,0.0,0.0,0.0,50.0,17755786.0,0,17755786.0,17755786.0,0.0,0.0,17755786.0,17755786.0,17755786.0,17755786.0,17755786.0,17755786.0,2025-10-03 06:40:02,0.03077883
2025-10-03 06:40:02,BTC/JPY,sell,50.0,17755787.0,17755787.0,17755787.0,0.01922117,0.0,0,coincheck_real,0.0,0.0,0.0,17400671.259999998,17755787.0,0.5,18110902.740000002,0.04,0.0,0.0,0.5,0.0,0.0,0.0,0,0.0,17755787.0,17755787.0,17755787.0,17755787.0,6,17755787.0,0.0,0,0,0.0,17755787.0,0.0,17755787.0,17755787.0,17755787.0,0,17755787.0,17755787.0,0.0,0.0,0.0,50.0,0.0,0.0,0.0,0.0,0.0,50.0,0.0,0.0,0.0,50.0,17755787.0,0,17755787.0,17755787.0,0.0,0.0,17755787.0,17755787.0,17755787.0,17755787.0,17755787.0,17755787.0,2025-10-03 06:40:02,0.01922117
2025-10-03 06:40:08,BTC/JPY,buy,50.0,17756698.0,17756698.0,17756698.0,0.08077883,0.0,1,coincheck_real,0.0,0.0,0.0,17401564.04,17756698.0,0.5,18111831.96,0.04,0.0,0.0,0.5,0.0,0.0,0.0,0,0.0,17756698.0,17756698.0,17756698.0,17756698.0,6,17756698.0,0.0,0,0,0.0,17756698.0,0.0,17756698.0,17756698.0,17756698.0,0,17756698.0,17756698.0,0.0,0.0,0.0,50.0,0.0,0.0,0.0,0.0,0.0,50.0,0.0,0.0,0.0,50.0,17756698.0,0,17756698.0,17756698.0,0.0,0.0,17756698.0,17756698.0,17756698.0,17756698.0,17756698.0,17756698.0,2025-10-03 06:40:08,0.08077883
2025-10-03 06:40:09,BTC/JPY,buy,50.0,17756698.0,17756698.0,17756698.0,0.01394867,0.0,1,coincheck_real,0.0,0.0,0.0,17401564.04,17756698.0,0.5,18111831.96,0.04,0.0,0.0,0.5,0.0,0.0,0.0,0,0.0,17756698.0,17756698.0,17756698.0,17756698.0,6,17756698.0,0.0,0,0,0.0,17756698.0,0.0,17756698.0,17756698.0,17756698.0,0,17756698.0,17756698.0,0.0,0.0,0.0,50.0,0.0,0.0,0.0,0.0,0.0,50.0,0.0,0.0,0.0,50.0,17756698.0,0,17756698.0,17756698.0,0.0,0.0,17756698.0,17756698.0,17756698.0,17756698.0,17756698.0,17756698.0,2025-10-03 06:40:09,0.01394867
2025-10-03 06:40:09,BTC/JPY,sell,50.0,17754939.0,17754939.0,17754939.0,0.00998826,0.0,0,coincheck_real,0.0,0.0,0.0,17399840.22,17754939.0,0.5,18110037.78,0.04,0.0,0.0,0.5,0.0,0.0,0.0,0,0.0,17754939.0,17754939.0,17754939.0,17754939.0,6,17754939.0,0.0,0,0,0.0,17754939.0,0.0,17754939.0,17754939.0,17754939.0,0,17754939.0,17754939.0,0.0,0.0,0.0,50.0,0.0,0.0,0.0,0.0,0.0,50.0,0.0,0.0,0.0,50.0,17754939.0,0,17754939.0,17754939.0,0.0,0.0,17754939.0,17754939.0,17754939.0,17754939.0,17754939.0,17754939.0,2025-10-03 06:40:09,0.00998826
2025-10-03 06:40:09,BTC/JPY,sell,50.0,17755069.0,17755069.0,17755069.0,0.01001174,0.0,0,coincheck_real,0.0,0.0,0.0,17399967.62,17755069.0,0.5,18110170.38,0.04,0.0,0.0,0.5,0.0,0.0,0.0,0,0.0,17755069.0,17755069.0,17755069.0,17755069.0,6,17755069.0,0.0,0,0,0.0,17755069.0,0.0,17755069.0,17755069.0,17755069.0,0,17755069.0,17755069.0,0.0,0.0,0.0,50.0,0.0,0.0,0.0,0.0,0.0,50.0,0.0,0.0,0.0,50.0,17755069.0,0,17755069.0,17755069.0,0.0,0.0,17755069.0,17755069.0,17755069.0,17755069.0,17755069.0,17755069.0,2025-10-03 06:40:09,0.01001174
2025-10-03 06:40:09,BTC/JPY,sell,50.0,17755132.0,17755132.0,17755132.0,0.01,0.0,0,coincheck_real,0.0,0.0,0.0,17400029.36,17755132.0,0.5,18110234.64,0.04,0.0,0.0,0.5,0.0,0.0,0.0,0,0.0,17755132.0,17755132.0,17755132.0,17755132.0,6,17755132.0,0.0,0,0,0.0,17755132.0,0.0,17755132.0,17755132.0,17755132.0,0,17755132.0,17755132.0,0.0,0.0,0.0,50.0,0.0,0.0,0.0,0.0,0.0,50.0,0.0,0.0,0.0,50.0,17755132.0,0,17755132.0,17755132.0,0.0,0.0,17755132.0,17755132.0,17755132.0,17755132.0,17755132.0,17755132.0,2025-10-03 06:40:09,0.01
2025-10-03 06:40:09,BTC/JPY,sell,50.0,17756068.0,17756068.0,17756068.0,0.02,0.0,0,coincheck_real,0.0,0.0,0.0,17400946.64,17756068.0,0.5,18111189.36,0.04,0.0,0.0,0.5,0.0,0.0,0.0,0,0.0,17756068.0,17756068.0,17756068.0,17756068.0,6,17756068.0,0.0,0,0,0.0,17756068.0,0.0,17756068.0,17756068.0,17756068.0,0,17756068.0,17756068.0,0.0,0.0,0.0,50.0,0.0,0.0,0.0,0.0,0.0,50.0,0.0,0.0,0.0,50.0,17756068.0,0,17756068.0,17756068.0,0.0,0.0,17756068.0,17756068.0,17756068.0,17756068.0,17756068.0,17756068.0,2025-10-03 06:40:09,0.02
2025-10-03 06:40:11,BTC/JPY,buy,50.0,17757826.0,17757826.0,17757826.0,0.00550158,0.0,1,coincheck_real,0.0,0.0,0.0,17402669.48,17757826.0,0.5,18112982.52,0.04,0.0,0.0,0.5,0.0,0.0,0.0,0,0.0,17757826.0,17757826.0,17757826.0,17757826.0,6,17757826.0,0.0,0,0,0.0,17757826.0,0.0,17757826.0,17757826.0,17757826.0,0,17757826.0,17757826.0,0.0,0.0,0.0,50.0,0.0,0.0,0.0,0.0,0.0,50.0,0.0,0.0,0.0,50.0,17757826.0,0,17757826.0,17757826.0,0.0,0.0,17757826.0,17757826.0,17757826.0,17757826.0,17757826.0,17757826.0,2025-10-03 06:40:11,0.00550158
2025-10-03 06:40:11,BTC/JPY,buy,50.0,17757526.0,17757526.0,17757526.0,0.03,0.0,1,coincheck_real,0.0,0.0,0.0,17402375.48,17757526.0,0.5,18112676.52,0.04,0.0,0.0,0.5,0.0,0.0,0.0,0,0.0,17757526.0,17757526.0,17757526.0,17757526.0,6,17757526.0,0.0,0,0,0.0,17757526.0,0.0,17757526.0,17757526.0,17757526.0,0,17757526.0,17757526.0,0.0,0.0,0.0,50.0,0.0,0.0,0.0,0.0,0.0,50.0,0.0,0.0,0.0,50.0,17757526.0,0,17757526.0,17757526.0,0.0,0.0,17757526.0,17757526.0,17757526.0,17757526.0,17757526.0,17757526.0,2025-10-03 06:40:11,0.03
2025-10-03 06:40:13,BTC/JPY,buy,50.0,17757547.0,17757547.0,17757547.0,0.02,0.0,1,coincheck_real,0.0,0.0,0.0,17402396.06,17757547.0,0.5,18112697.94,0.04,0.0,0.0,0.5,0.0,0.0,0.0,0,0.0,17757547.0,17757547.0,17757547.0,17757547.0,6,17757547.0,0.0,0,0,0.0,17757547.0,0.0,17757547.0,17757547.0,17757547.0,0,17757547.0,17757547.0,0.0,0.0,0.0,50.0,0.0,0.0,0.0,0.0,0.0,50.0,0.0,0.0,0.0,50.0,17757547.0,0,17757547.0,17757547.0,0.0,0.0,17757547.0,17757547.0,17757547.0,17757547.0,17757547.0,17757547.0,2025-10-03 06:40:13,0.02
2025-10-03 06:40:14,BTC/JPY,sell,50.0,17757585.0,17757585.0,17757585.0,0.0168,0.0,0,coincheck_real,0.0,0.0,0.0,17402433.3,17757585.0,0.5,18112736.7,0.04,0.0,0.0,0.5,0.0,0.0,0.0,0,0.0,17757585.0,17757585.0,17757585.0,17757585.0,6,17757585.0,0.0,0,0,0.0,17757585.0,0.0,17757585.0,17757585.0,17757585.0,0,17757585.0,17757585.0,0.0,0.0,0.0,50.0,0.0,0.0,0.0,0.0,0.0,50.0,0.0,0.0,0.0,50.0,17757585.0,0,17757585.0,17757585.0,0.0,0.0,17757585.0,17757585.0,17757585.0,17757585.0,17757585.0,17757585.0,2025-10-03 06:40:14,0.0168
2025-10-03 06:40:14,BTC/JPY,sell,50.0,17757585.0,17757585.0,17757585.0,0.0281,0.0,0,coincheck_real,0.0,0.0,0.0,17402433.3,17757585.0,0.5,18112736.7,0.04,0.0,0.0,0.5,0.0,0.0,0.0,0,0.0,17757585.0,17757585.0,17757585.0,17757585.0,6,17757585.0,0.0,0,0,0.0,17757585.0,0.0,17757585.0,17757585.0,17757585.0,0,17757585.0,17757585.0,0.0,0.0,0.0,50.0,0.0,0.0,0.0,0.0,0.0,50.0,0.0,0.0,0.0,50.0,17757585.0,0,17757585.0,17757585.0,0.0,0.0,17757585.0,17757585.0,17757585.0,17757585.0,17757585.0,17757585.0,2025-10-03 06:40:14,0.0281
2025-10-03 06:40:14,BTC/JPY,buy,50.0,17758808.0,17758808.0,17758808.0,0.03952078,0.0,1,coincheck_real,0.0,0.0,0.0,17403631.84,17758808.0,0.5,18113984.16,0.04,0.0,0.0,0.5,0.0,0.0,0.0,0,0.0,17758808.0,17758808.0,17758808.0,17758808.0,6,17758808.0,0.0,0,0,0.0,17758808.0,0.0,17758808.0,17758808.0,17758808.0,0,17758808.0,17758808.0,0.0,0.0,0.0,50.0,0.0,0.0,0.0,0.0,0.0,50.0,0.0,0.0,0.0,50.0,17758808.0,0,17758808.0,17758808.0,0.0,0.0,17758808.0,17758808.0,17758808.0,17758808.0,17758808.0,17758808.0,2025-10-03 06:40:14,0.03952078
2025-10-03 06:40:14,BTC/JPY,buy,50.0,17758738.0,17758738.0,17758738.0,0.012663,0.0,1,coincheck_real,0.0,0.0,0.0,17403563.24,17758738.0,0.5,18113912.76,0.04,0.0,0.0,0.5,0.0,0.0,0.0,0,0.0,17758738.0,17758738.0,17758738.0,17758738.0,6,17758738.0,0.0,0,0,0.0,17758738.0,0.0,17758738.0,17758738.0,17758738.0,0,17758738.0,17758738.0,0.0,0.0,0.0,50.0,0.0,0.0,0.0,0.0,0.0,50.0,0.0,0.0,0.0,50.0,17758738.0,0,17758738.0,17758738.0,0.0,0.0,17758738.0,17758738.0,17758738.0,17758738.0,17758738.0,17758738.0,2025-10-03 06:40:14,0.012663
2025-10-03 06:40:15,BTC/JPY,sell,50.0,17757585.0,17757585.0,17757585.0,0.0379,0.0,0,coincheck_real,0.0,0.0,0.0,17402433.3,17757585.0,0.5,18112736.7,0.04,0.0,0.0,0.5,0.0,0.0,0.0,0,0.0,17757585.0,17757585.0,17757585.0,17757585.0,6,17757585.0,0.0,0,0,0.0,17757585.0,0.0,17757585.0,17757585.0,17757585.0,0,17757585.0,17757585.0,0.0,0.0,0.0,50.0,0.0,0.0,0.0,0.0,0.0,50.0,0.0,0.0,0.0,50.0,17757585.0,0,17757585.0,17757585.0,0.0,0.0,17757585.0,17757585.0,17757585.0,17757585.0,17757585.0,17757585.0,2025-10-03 06:40:15,0.0379
2025-10-03 06:40:15,BTC/JPY,sell,50.0,17757585.0,17757585.0,17757585.0,0.0112,0.0,0,coincheck_real,0.0,0.0,0.0,17402433.3,17757585.0,0.5,18112736.7,0.04,0.0,0.0,0.5,0.0,0.0,0.0,0,0.0,17757585.0,17757585.0,17757585.0,17757585.0,6,17757585.0,0.0,0,0,0.0,17757585.0,0.0,17757585.0,17757585.0,17757585.0,0,17757585.0,17757585.0,0.0,0.0,0.0,50.0,0.0,0.0,0.0,0.0,0.0,50.0,0.0,0.0,0.0,50.0,17757585.0,0,17757585.0,17757585.0,0.0,0.0,17757585.0,17757585.0,17757585.0,17757585.0,17757585.0,17757585.0,2025-10-03 06:40:15,0.0112
2025-10-03 06:40:15,BTC/JPY,sell,50.0,17757585.0,17757585.0,17757585.0,0.05,0.0,0,coincheck_real,0.0,0.0,0.0,17402433.3,17757585.0,0.5,18112736.7,0.04,0.0,0.0,0.5,0.0,0.0,0.0,0,0.0,17757585.0,17757585.0,17757585.0,17757585.0,6,17757585.0,0.0,0,0,0.0,17757585.0,0.0,17757585.0,17757585.0,17757585.0,0,17757585.0,17757585.0,0.0,0.0,0.0,50.0,0.0,0.0,0.0,0.0,0.0,50.0,0.0,0.0,0.0,50.0,17757585.0,0,17757585.0,17757585.0,0.0,0.0,17757585.0,17757585.0,17757585.0,17757585.0,17757585.0,17757585.0,2025-10-03 06:40:15,0.05
2025-10-03 06:40:23,BTC/JPY,buy,50.0,17757116.0,17757116.0,17757116.0,0.00217296,0.0,1,coincheck_real,0.0,0.0,0.0,17401973.68,17757116.0,0.5,18112258.32,0.04,0.0,0.0,0.5,0.0,0.0,0.0,0,0.0,17757116.0,17757116.0,17757116.0,17757116.0,6,17757116.0,0.0,0,0,0.0,17757116.0,0.0,17757116.0,17757116.0,17757116.0,0,17757116.0,17757116.0,0.0,0.0,0.0,50.0,0.0,0.0,0.0,0.0,0.0,50.0,0.0,0.0,0.0,50.0,17757116.0,0,17757116.0,17757116.0,0.0,0.0,17757116.0,17757116.0,17757116.0,17757116.0,17757116.0,17757116.0,2025-10-03 06:40:23,0.00217296
2025-10-03 06:40:23,BTC/JPY,buy,50.0,17756785.0,17756785.0,17756785.0,0.02444375,0.0,1,coincheck_real,0.0,0.0,0.0,17401649.3,17756785.0,0.5,18111920.7,0.04,0.0,0.0,0.5,0.0,0.0,0.0,0,0.0,17756785.0,17756785.0,17756785.0,17756785.0,6,17756785.0,0.0,0,0,0.0,17756785.0,0.0,17756785.0,17756785.0,17756785.0,0,17756785.0,17756785.0,0.0,0.0,0.0,50.0,0.0,0.0,0.0,0.0,0.0,50.0,0.0,0.0,0.0,50.0,17756785.0,0,17756785.0,17756785.0,0.0,0.0,17756785.0,17756785.0,17756785.0,17756785.0,17756785.0,17756785.0,2025-10-03 06:40:23,0.02444375
2025-10-03 06:40:23,BTC/JPY,buy,50.0,17756785.0,17756785.0,17756785.0,5.467e-05,0.0,1,coincheck_real,0.0,0.0,0.0,17401649.3,17756785.0,0.5,18111920.7,0.04,0.0,0.0,0.5,0.0,0.0,0.0,0,0.0,17756785.0,17756785.0,17756785.0,17756785.0,6,17756785.0,0.0,0,0,0.0,17756785.0,0.0,17756785.0,17756785.0,17756785.0,0,17756785.0,17756785.0,0.0,0.0,0.0,50.0,0.0,0.0,0.0,0.0,0.0,50.0,0.0,0.0,0.0,50.0,17756785.0,0,17756785.0,17756785.0,0.0,0.0,17756785.0,17756785.0,17756785.0,17756785.0,17756785.0,17756785.0,2025-10-03 06:40:23,5.467e-05
2025-10-03 06:40:34,BTC/JPY,buy,50.0,17758384.0,17758384.0,17758384.0,0.01650445,0.0,1,coincheck_real,0.0,0.0,0.0,17403216.32,17758384.0,0.5,18113551.68,0.04,0.0,0.0,0.5,0.0,0.0,0.0,0,0.0,17758384.0,17758384.0,17758384.0,17758384.0,6,17758384.0,0.0,0,0,0.0,17758384.0,0.0,17758384.0,17758384.0,17758384.0,0,17758384.0,17758384.0,0.0,0.0,0.0,50.0,0.0,0.0,0.0,0.0,0.0,50.0,0.0,0.0,0.0,50.0,17758384.0,0,17758384.0,17758384.0,0.0,0.0,17758384.0,17758384.0,17758384.0,17758384.0,17758384.0,17758384.0,2025-10-03 06:40:34,0.01650445
2025-10-03 06:40:34,BTC/JPY,buy,50.0,17757523.0,17757523.0,17757523.0,0.01001174,0.0,1,coincheck_real,0.0,0.0,0.0,17402372.54,17757523.0,0.5,18112673.46,0.04,0.0,0.0,0.5,0.0,0.0,0.0,0,0.0,17757523.0,17757523.0,17757523.0,17757523.0,6,17757523.0,0.0,0,0,0.0,17757523.0,0.0,17757523.0,17757523.0,17757523.0,0,17757523.0,17757523.0,0.0,0.0,0.0,50.0,0.0,0.0,0.0,0.0,0.0,50.0,0.0,0.0,0.0,50.0,17757523.0,0,17757523.0,17757523.0,0.0,0.0,17757523.0,17757523.0,17757523.0,17757523.0,17757523.0,17757523.0,2025-10-03 06:40:34,0.01001174
2025-10-03 06:40:34,BTC/JPY,buy,50.0,17757116.0,17757116.0,17757116.0,0.00118509,0.0,1,coincheck_real,0.0,0.0,0.0,17401973.68,17757116.0,0.5,18112258.32,0.04,0.0,0.0,0.5,0.0,0.0,0.0,0,0.0,17757116.0,17757116.0,17757116.0,17757116.0,6,17757116.0,0.0,0,0,0.0,17757116.0,0.0,17757116.0,17757116.0,17757116.0,0,17757116.0,17757116.0,0.0,0.0,0.0,50.0,0.0,0.0,0.0,0.0,0.0,50.0,0.0,0.0,0.0,50.0,17757116.0,0,17757116.0,17757116.0,0.0,0.0,17757116.0,17757116.0,17757116.0,17757116.0,17757116.0,17757116.0,2025-10-03 06:40:34,0.00118509
2025-10-03 06:40:55,BTC/JPY,buy,50.0,17755914.0,17755914.0,17755914.0,0.0112,0.0,1,coincheck_real,0.0,0.0,0.0,17400795.72,17755914.0,0.5,18111032.28,0.04,0.0,0.0,0.5,0.0,0.0,0.0,0,0.0,17755914.0,17755914.0,17755914.0,17755914.0,6,17755914.0,0.0,0,0,0.0,17755914.0,0.0,17755914.0,17755914.0,17755914.0,0,17755914.0,17755914.0,0.0,0.0,0.0,50.0,0.0,0.0,0.0,0.0,0.0,50.0,0.0,0.0,0.0,50.0,17755914.0,0,17755914.0,17755914.0,0.0,0.0,17755914.0,17755914.0,17755914.0,17755914.0,17755914.0,17755914.0,2025-10-03 06:40:55,0.0112
2025-10-03 06:41:07,BTC/JPY,sell,50.0,17753570.0,17753570.0,17753570.0,0.05,0.0,0,coincheck_real,0.0,0.0,0.0,17398498.6,17753570.0,0.5,18108641.4,0.04,0.0,0.0,0.5,0.0,0.0,0.0,0,0.0,17753570.0,17753570.0,17753570.0,17753570.0,6,17753570.0,0.0,0,0,0.0,17753570.0,0.0,17753570.0,17753570.0,17753570.0,0,17753570.0,17753570.0,0.0,0.0,0.0,50.0,0.0,0.0,0.0,0.0,0.0,50.0,0.0,0.0,0.0,50.0,17753570.0,0,17753570.0,17753570.0,0.0,0.0,17753570.0,17753570.0,17753570.0,17753570.0,17753570.0,17753570.0,2025-10-03 06:41:07,0.05
2025-10-03 06:41:13,BTC/JPY,buy,50.0,17752681.0,17752681.0,17752681.0,0.0168,0.0,1,coincheck_real,0.0,0.0,0.0,17397627.38,17752681.0,0.5,18107734.62,0.04,0.0,0.0,0.5,0.0,0.0,0.0,0,0.0,17752681.0,17752681.0,17752681.0,17752681.0,6,17752681.0,0.0,0,0,0.0,17752681.0,0.0,17752681.0,17752681.0,17752681.0,0,17752681.0,17752681.0,0.0,0.0,0.0,50.0,0.0,0.0,0.0,0.0,0.0,50.0,0.0,0.0,0.0,50.0,17752681.0,0,17752681.0,17752681.0,0.0,0.0,17752681.0,17752681.0,17752681.0,17752681.0,17752681.0,17752681.0,2025-10-03 06:41:13,0.0168
2025-10-03 06:41:13,BTC/JPY,buy,50.0,17752681.0,17752681.0,17752681.0,0.0281,0.0,1,coincheck_real,0.0,0.0,0.0,17397627.38,17752681.0,0.5,18107734.62,0.04,0.0,0.0,0.5,0.0,0.0,0.0,0,0.0,17752681.0,17752681.0,17752681.0,17752681.0,6,17752681.0,0.0,0,0,0.0,17752681.0,0.0,17752681.0,17752681.0,17752681.0,0,17752681.0,17752681.0,0.0,0.0,0.0,50.0,0.0,0.0,0.0,0.0,0.0,50.0,0.0,0.0,0.0,50.0,17752681.0,0,17752681.0,17752681.0,0.0,0.0,17752681.0,17752681.0,17752681.0,17752681.0,17752681.0,17752681.0,2025-10-03 06:41:13,0.0281
2025-10-03 06:41:15,BTC/JPY,buy,50.0,17752682.0,17752682.0,17752682.0,0.16470445,0.0,1,coincheck_real,0.0,0.0,0.0,17397628.36,17752682.0,0.5,18107735.64,0.04,0.0,0.0,0.5,0.0,0.0,0.0,0,0.0,17752682.0,17752682.0,17752682.0,17752682.0,6,17752682.0,0.0,0,0,0.0,17752682.0,0.0,17752682.0,17752682.0,17752682.0,0,17752682.0,17752682.0,0.0,0.0,0.0,50.0,0.0,0.0,0.0,0.0,0.0,50.0,0.0,0.0,0.0,50.0,17752682.0,0,17752682.0,17752682.0,0.0,0.0,17752682.0,17752682.0,17752682.0,17752682.0,17752682.0,17752682.0,2025-10-03 06:41:15,0.16470445
2025-10-03 06:41:15,BTC/JPY,buy,50.0,17752681.0,17752681.0,17752681.0,0.07229555,0.0,1,coincheck_real,0.0,0.0,0.0,17397627.38,17752681.0,0.5,18107734.62,0.04,0.0,0.0,0.5,0.0,0.0,0.0,0,0.0,17752681.0,17752681.0,17752681.0,17752681.0,6,17752681.0,0.0,0,0,0.0,17752681.0,0.0,17752681.0,17752681.0,17752681.0,0,17752681.0,17752681.0,0.0,0.0,0.0,50.0,0.0,0.0,0.0,0.0,0.0,50.0,0.0,0.0,0.0,50.0,17752681.0,0,17752681.0,17752681.0,0.0,0.0,17752681.0,17752681.0,17752681.0,17752681.0,17752681.0,17752681.0,2025-10-03 06:41:15,0.07229555
2025-10-03 06:41:15,BTC/JPY,buy,50.0,17752681.0,17752681.0,17752681.0,0.02770445,0.0,1,coincheck_real,0.0,0.0,0.0,17397627.38,17752681.0,0.5,18107734.62,0.04,0.0,0.0,0.5,0.0,0.0,0.0,0,0.0,17752681.0,17752681.0,17752681.0,17752681.0,6,17752681.0,0.0,0,0,0.0,17752681.0,0.0,17752681.0,17752681.0,17752681.0,0,17752681.0,17752681.0,0.0,0.0,0.0,50.0,0.0,0.0,0.0,0.0,0.0,50.0,0.0,0.0,0.0,50.0,17752681.0,0,17752681.0,17752681.0,0.0,0.0,17752681.0,17752681.0,17752681.0,17752681.0,17752681.0,17752681.0,2025-10-03 06:41:15,0.02770445
2025-10-03 06:41:18,BTC/JPY,sell,50.0,17752489.0,17752489.0,17752489.0,0.0261,0.0,0,coincheck_real,0.0,0.0,0.0,17397439.22,17752489.0,0.5,18107538.78,0.04,0.0,0.0,0.5,0.0,0.0,0.0,0,0.0,17752489.0,17752489.0,17752489.0,17752489.0,6,17752489.0,0.0,0,0,0.0,17752489.0,0.0,17752489.0,17752489.0,17752489.0,0,17752489.0,17752489.0,0.0,0.0,0.0,50.0,0.0,0.0,0.0,0.0,0.0,50.0,0.0,0.0,0.0,50.0,17752489.0,0,17752489.0,17752489.0,0.0,0.0,17752489.0,17752489.0,17752489.0,17752489.0,17752489.0,17752489.0,2025-10-03 06:41:18,0.0261
2025-10-03 06:41:18,BTC/JPY,sell,50.0,17752642.0,17752642.0,17752642.0,0.002,0.0,0,coincheck_real,0.0,0.0,0.0,17397589.16,17752642.0,0.5,18107694.84,0.04,0.0,0.0,0.5,0.0,0.0,0.0,0,0.0,17752642.0,17752642.0,17752642.0,17752642.0,6,17752642.0,0.0,0,0,0.0,17752642.0,0.0,17752642.0,17752642.0,17752642.0,0,17752642.0,17752642.0,0.0,0.0,0.0,50.0,0.0,0.0,0.0,0.0,0.0,50.0,0.0,0.0,0.0,50.0,17752642.0,0,17752642.0,17752642.0,0.0,0.0,17752642.0,17752642.0,17752642.0,17752642.0,17752642.0,17752642.0,2025-10-03 06:41:18,0.002
2025-10-03 06:41:18,BTC/JPY,sell,50.0,17752642.0,17752642.0,17752642.0,0.0112,0.0,0,coincheck_real,0.0,0.0,0.0,17397589.16,17752642.0,0.5,18107694.84,0.04,0.0,0.0,0.5,0.0,0.0,0.0,0,0.0,17752642.0,17752642.0,17752642.0,17752642.0,6,17752642.0,0.0,0,0,0.0,17752642.0,0.0,17752642.0,17752642.0,17752642.0,0,17752642.0,17752642.0,0.0,0.0,0.0,50.0,0.0,0.0,0.0,0.0,0.0,50.0,0.0,0.0,0.0,50.0,17752642.0,0,17752642.0,17752642.0,0.0,0.0,17752642.0,17752642.0,17752642.0,17752642.0,17752642.0,17752642.0,2025-10-03 06:41:18,0.0112
2025-10-03 06:41:18,BTC/JPY,sell,50.0,17752642.0,17752642.0,17752642.0,0.0168,0.0,0,coincheck_real,0.0,0.0,0.0,17397589.16,17752642.0,0.5,18107694.84,0.04,0.0,0.0,0.5,0.0,0.0,0.0,0,0.0,17752642.0,17752642.0,17752642.0,17752642.0,6,17752642.0,0.0,0,0,0.0,17752642.0,0.0,17752642.0,17752642.0,17752642.0,0,17752642.0,17752642.0,0.0,0.0,0.0,50.0,0.0,0.0,0.0,0.0,0.0,50.0,0.0,0.0,0.0,50.0,17752642.0,0,17752642.0,17752642.0,0.0,0.0,17752642.0,17752642.0,17752642.0,17752642.0,17752642.0,17752642.0,2025-10-03 06:41:18,0.0168
2025-10-03 06:41:37,BTC/JPY,buy,50.0,17753251.0,17753251.0,17753251.0,0.016405,0.0,1,coincheck_real,0.0,0.0,0.0,17398185.98,17753251.0,0.5,18108316.02,0.04,0.0,0.0,0.5,0.0,0.0,0.0,0,0.0,17753251.0,17753251.0,17753251.0,17753251.0,6,17753251.0,0.0,0,0,0.0,17753251.0,0.0,17753251.0,17753251.0,17753251.0,0,17753251.0,17753251.0,0.0,0.0,0.0,50.0,0.0,0.0,0.0,0.0,0.0,50.0,0.0,0.0,0.0,50.0,17753251.0,0,17753251.0,17753251.0,0.0,0.0,17753251.0,17753251.0,17753251.0,17753251.0,17753251.0,17753251.0,2025-10-03 06:41:37,0.016405
