portfolio_delta,portfolio_pct_change,portfolio_reward,position_bonus,action_penalty,total_reward
-13391.95758,-0.001,-0.1,0.021,0.01,-0.089
-7874.500508,-0.001,-0.1,0.1,0.01,-0.01
-13562.212176,-0.001,-0.1,0.012,0.01,-0.098
-6667.561122,-0.001,-0.1,0.079,0.01,-0.031
-10526.866566,-0.001,-0.1,0.1,0.01,-0.01
-4628.39943,-0.001,-0.1,0.1,0.01,-0.01
-12843.275669,-0.001,-0.1,0.053,0.01,-0.057
-5359.294799,-0.001,-0.1,0.02,0.01,-0.09
-3245.483795,-0.001,-0.1,0.037,0.01,-0.073
-8524.054325,-0.001,-0.1,0.1,0.01,-0.01
-6486.981339,-0.001,-0.1,0.051,0.01,-0.059
-7935.113738,-0.001,-0.1,0.064,0.01,-0.046
-3901.975653,-0.001,-0.1,0.091,0.01,-0.019
-4190.275239,-0.001,-0.1,0.1,0.01,-0.01
-4007.888719,-0.001,-0.1,0.024,0.01,-0.086
-3408.531143,-0.001,-0.1,0.046,0.01,-0.064
-7861.217025,-0.001,-0.1,0.084,0.01,-0.026
-1012.210576,-0.001,-0.1,0.008,0.01,-0.102
-5443.615254,-0.001,-0.1,0.075,0.01,-0.035
-5741.268786,-0.001,-0.1,0.1,0.01,-0.01
-7258.771284,-0.001,-0.1,0.045,0.01,-0.065
-4642.957366,-0.001,-0.1,0.034,0.01,-0.076
-2463.321004,-0.001,-0.1,0.043,0.01,-0.067
-9854.569905,-0.001,-0.1,0.088,0.01,-0.022
-11368.204392,-0.001,-0.1,0.1,0.01,-0.01
-11452.242594,-0.001,-0.1,0.01,0.01,-0.1
-6037.922214,-0.001,-0.1,0.077,0.01,-0.033
-2222.77597,-0.001,-0.1,0.009,0.01,-0.101
-4331.498845,-0.001,-0.1,0.05,0.01,-0.06
-8417.788579,-0.001,-0.1,0.06,0.01,-0.05
-9888.211089,-0.001,-0.1,0.019,0.01,-0.091
-7365.987474,-0.001,-0.1,0.086,0.01,-0.024
-7206.213046,-0.001,-0.1,0.1,0.01,-0.01
-5536.643921,-0.001,-0.1,0.062,0.01,-0.048
-13545.205615,-0.001,-0.1,0.089,0.01,-0.021
-10971.851377,-0.001,-0.1,0.1,0.01,-0.01
-16126.081174,-0.001,-0.1,0.019,0.01,-0.091
-9642.051275,-0.001,-0.1,0.1,0.01,-0.01
-11443.392276,-0.001,-0.1,0.074,0.01,-0.036
-11610.818748,-0.001,-0.1,0.07,0.01,-0.04
-10320.539276,-0.001,-0.1,0.1,0.01,-0.01
-6350.752117,-0.001,-0.1,0.011,0.01,-0.099
-7142.833416,-0.001,-0.1,0.091,0.01,-0.019
-18577.760507,-0.001,-0.1,0.1,0.01,-0.01
-8443.40765,-0.001,-0.1,0.095,0.01,-0.015
-9950.047131,-0.001,-0.1,0.1,0.01,-0.01
-11519.60694,-0.001,-0.1,0.018,0.01,-0.092
-8016.59032,-0.001,-0.1,0.1,0.01,-0.01
-16264.211492,-0.001,-0.1,0.035,0.01,-0.075
-9709.456284,-0.001,-0.1,0.1,0.01,-0.01
-10505.916319,-0.001,-0.1,0.049,0.01,-0.061
-787.217952,-0.001,-0.1,0.0,0.0,-0.1
-2513.030007,-0.001,-0.1,0.034,0.01,-0.076
-1394.911283,-0.001,-0.1,0.019,0.01,-0.091
-7495.237605,-0.001,-0.1,0.1,0.01,-0.01
-13612.353389,-0.001,-0.1,0.061,0.01,-0.049
-11355.100182,-0.001,-0.1,0.1,0.01,-0.01
-6326.982949,-0.001,-0.1,0.041,0.01,-0.069
-2426.009984,-0.001,-0.1,0.032,0.01,-0.078
-2340.340126,-0.001,-0.1,0.0,0.0,-0.1
0.0,0.0,0.0,0.0,0.0,0.0
-6940.018684,-0.001,-0.1,0.094,0.01,-0.016
-6408.260843,-0.001,-0.1,0.099,0.01,-0.011
-2149.93847,-0.001,-0.1,0.017,0.01,-0.093
-5656.775419,-0.001,-0.1,0.08,0.01,-0.03
-11667.041922,-0.001,-0.1,0.1,0.01,-0.01
-15737.806501,-0.001,-0.1,0.078,0.01,-0.032
-2478.085215,-0.001,-0.1,0.0,0.0,-0.1
-6250.815894,-0.001,-0.1,0.084,0.01,-0.026
-10822.450579,-0.001,-0.1,0.069,0.01,-0.041
-3685.315071,-0.001,-0.1,0.074,0.01,-0.036
-10989.617808,-0.001,-0.1,0.1,0.01,-0.01
-17779.722124,-0.001,-0.1,0.068,0.01,-0.042
-1845.221393,-0.001,-0.1,0.098,0.01,-0.012
-16327.512761,-0.001,-0.1,0.1,0.01,-0.01
-4527.32591,-0.001,-0.1,0.0,0.0,-0.1
-7433.722776,-0.001,-0.1,0.1,0.01,-0.01
-5412.823657,-0.001,-0.1,0.0,0.0,-0.1
0.0,0.0,0.0,0.0,0.0,0.0
-7422.945605,-0.001,-0.1,0.1,0.01,-0.01
-9731.194088,-0.001,-0.1,0.088,0.01,-0.022
-5352.250906,-0.001,-0.1,0.1,0.01,-0.01
-3648.942741,-0.001,-0.1,0.017,0.01,-0.093
-7582.50974,-0.001,-0.1,0.1,0.01,-0.01
2483.440625,0.001,0.1,0.1,0.01,0.19
-16909.807946,-0.001,-0.1,0.1,0.01,-0.01
-3325.339106,-0.001,-0.1,0.0,0.0,-0.1
-7423.330546,-0.001,-0.1,0.1,0.01,-0.01
-7494.027686,-0.001,-0.1,0.0,0.0,-0.1
-3166.026739,-0.001,-0.1,0.043,0.01,-0.067
-9922.698036,-0.001,-0.1,0.077,0.01,-0.033
-13970.427588,-0.001,-0.1,0.1,0.01,-0.01
-12160.562698,-0.001,-0.1,0.075,0.01,-0.035
-7136.729667,-0.001,-0.1,0.026,0.01,-0.084
-6806.544073,-0.001,-0.1,0.1,0.01,-0.01
-12702.68398,-0.001,-0.1,0.085,0.01,-0.025
-12711.261737,-0.001,-0.1,0.1,0.01,-0.01
-4972.139884,-0.001,-0.1,0.0,0.0,-0.1
-1678.258073,-0.001,-0.1,0.023,0.01,-0.087
-10105.483552,-0.001,-0.1,0.1,0.01,-0.01
-9090.459718,-0.001,-0.1,0.084,0.01,-0.026
-10129.880899,-0.001,-0.1,0.1,0.01,-0.01
-7096.811008,-0.001,-0.1,0.083,0.01,-0.027
-4739.697792,-0.001,-0.1,0.0,0.0,-0.1
-725.388206,-0.001,-0.1,0.01,0.01,-0.1
-6987.155853,-0.001,-0.1,0.1,0.01,-0.01
-8138.523521,-0.001,-0.1,0.055,0.01,-0.055
-6569.930276,-0.001,-0.1,0.043,0.01,-0.067
-5381.74094,-0.001,-0.1,0.042,0.01,-0.068
-2917.474643,-0.001,-0.1,0.065,0.01,-0.045
-8746.690388,-0.001,-0.1,0.074,0.01,-0.036
-11246.611244,-0.001,-0.1,0.1,0.01,-0.01
-20215.822465,-0.001,-0.1,0.042,0.01,-0.068
-7828.02704,-0.001,-0.1,0.083,0.01,-0.027
-12761.674071,-0.001,-0.1,0.1,0.01,-0.01
-9709.239681,-0.001,-0.1,0.062,0.01,-0.048
-12200.237005,-0.001,-0.1,0.075,0.01,-0.035
-9603.371549,-0.001,-0.1,0.022,0.01,-0.088
-9341.711435,-0.001,-0.1,0.1,0.01,-0.01
-12229.010267,-0.001,-0.1,0.045,0.01,-0.065
-5883.456497,-0.001,-0.1,0.022,0.01,-0.088
-7001.232944,-0.001,-0.1,0.1,0.01,-0.01
1998.66828,0.001,0.1,0.0,0.0,0.1
-4632.494801,-0.001,-0.1,0.062,0.01,-0.048
-10891.51815,-0.001,-0.1,0.014,0.01,-0.096
-4122.304263,-0.001,-0.1,0.037,0.01,-0.073
-8120.7857,-0.001,-0.1,0.071,0.01,-0.039
-8021.339159,-0.001,-0.1,0.056,0.01,-0.054
-7974.209503,-0.001,-0.1,0.089,0.01,-0.021
2427.81129,0.001,0.1,0.0,0.0,0.1
-4139.421014,-0.001,-0.1,0.056,0.01,-0.054
-7238.816533,-0.001,-0.1,0.1,0.01,-0.01
-7638.417812,-0.001,-0.1,0.068,0.01,-0.042
-9428.716426,-0.001,-0.1,0.04,0.01,-0.07
-6328.857353,-0.001,-0.1,0.1,0.01,-0.01
-16227.787257,-0.001,-0.1,0.1,0.01,-0.01
-4763.595832,-0.001,-0.1,0.019,0.01,-0.091
-7591.367641,-0.001,-0.1,0.1,0.01,-0.01
-2792.242384,-0.001,-0.1,0.053,0.01,-0.057
-6548.960442,-0.001,-0.1,0.061,0.01,-0.049
-14375.300749,-0.001,-0.1,0.1,0.01,-0.01
1457.718119,0.001,0.1,0.021,0.01,0.111
-5330.797925,-0.001,-0.1,0.055,0.01,-0.055
-10527.054547,-0.001,-0.1,0.096,0.01,-0.014
-15835.56878,-0.001,-0.1,0.1,0.01,-0.01
-6116.042053,-0.001,-0.1,0.1,0.01,-0.01
-13206.863384,-0.001,-0.1,0.024,0.01,-0.086
-9185.105733,-0.001,-0.1,0.1,0.01,-0.01
1465.437643,0.001,0.1,0.1,0.01,0.19
-5836.943917,-0.001,-0.1,0.029,0.01,-0.081
-4889.609021,-0.001,-0.1,0.04,0.01,-0.07
-3601.822133,-0.001,-0.1,0.04,0.01,-0.07
-2418.715153,-0.001,-0.1,0.012,0.01,-0.098
-1536.1593,-0.001,-0.1,0.015,0.01,-0.095
-7610.676721,-0.001,-0.1,0.1,0.01,-0.01
-9206.678228,-0.001,-0.1,0.1,0.01,-0.01
-2342.494506,-0.001,-0.1,0.1,0.01,-0.01
-2316.608015,-0.001,-0.1,0.044,0.01,-0.066
-4718.804403,-0.001,-0.1,0.054,0.01,-0.056
-6604.563306,-0.001,-0.1,0.019,0.01,-0.091
-2662.779788,-0.001,-0.1,0.033,0.01,-0.077
-10976.204105,-0.001,-0.1,0.1,0.01,-0.01
-16418.785958,-0.001,-0.1,0.1,0.01,-0.01
-16478.618834,-0.001,-0.1,0.091,0.01,-0.019
-9901.923892,-0.001,-0.1,0.047,0.01,-0.063
-10601.156116,-0.001,-0.1,0.085,0.01,-0.025
-15551.165313,-0.001,-0.1,0.045,0.01,-0.065
-9123.185862,-0.001,-0.1,0.1,0.01,-0.01
3740.942135,0.001,0.1,0.1,0.01,0.19
-7978.583446,-0.001,-0.1,0.1,0.01,-0.01
-16036.978207,-0.001,-0.1,0.095,0.01,-0.015
-10023.811901,-0.001,-0.1,0.077,0.01,-0.033
-9294.371019,-0.001,-0.1,0.057,0.01,-0.053
-5612.42651,-0.001,-0.1,0.048,0.01,-0.062
-4370.094593,-0.001,-0.1,0.0,0.0,-0.1
-7434.285714,-0.001,-0.1,0.1,0.01,-0.01
-15300.020158,-0.001,-0.1,0.042,0.01,-0.068
-3815.186578,-0.001,-0.1,0.016,0.01,-0.094
1349.350624,0.001,0.1,0.0,0.0,0.1
-7473.017793,-0.001,-0.1,0.1,0.01,-0.01
-4268.946132,-0.001,-0.1,0.1,0.01,-0.01
-13049.097821,-0.001,-0.1,0.037,0.01,-0.073
-10176.398619,-0.001,-0.1,0.1,0.01,-0.01
-5150.136972,-0.001,-0.1,0.017,0.01,-0.093
-8940.34629,-0.001,-0.1,0.1,0.01,-0.01
2354.636831,0.001,0.1,0.1,0.01,0.19
-12804.007132,-0.001,-0.1,0.1,0.01,-0.01
-8171.951996,-0.001,-0.1,0.099,0.01,-0.011
-439.802898,-0.000358,-0.036,0.04,0.01,-0.006
-10332.056037,-0.001,-0.1,0.1,0.01,-0.01
-6643.773947,-0.001,-0.1,0.08,0.01,-0.03
-4154.931926,-0.001,-0.1,0.014,0.01,-0.096
-5548.781043,-0.001,-0.1,0.053,0.01,-0.057
-7476.458654,-0.001,-0.1,0.071,0.01,-0.039
-12333.580998,-0.001,-0.1,0.1,0.01,-0.01
-15336.734946,-0.001,-0.1,0.08,0.01,-0.03
-11305.888714,-0.001,-0.1,0.09,0.01,-0.02
-4204.890858,-0.001,-0.1,0.0,0.0,-0.1
-4871.814546,-0.001,-0.1,0.066,0.01,-0.044
-8926.387896,-0.001,-0.1,0.092,0.01,-0.018
-8370.225019,-0.001,-0.1,0.086,0.01,-0.024
-14908.656302,-0.001,-0.1,0.081,0.01,-0.029
213.079569,0.000159,0.016,0.0,0.0,0.016
-6479.760686,-0.001,-0.1,0.087,0.01,-0.023
-5271.219245,-0.001,-0.1,0.067,0.01,-0.043
-6908.94293,-0.001,-0.1,0.025,0.01,-0.085
-8050.072987,-0.001,-0.1,0.1,0.01,-0.01
-6399.671467,-0.001,-0.1,0.054,0.01,-0.056
-15695.600082,-0.001,-0.1,0.037,0.01,-0.073
-10390.784419,-0.001,-0.1,0.1,0.01,-0.01
-13742.687583,-0.001,-0.1,0.041,0.01,-0.069
-4683.518122,-0.001,-0.1,0.009,0.01,-0.101
-942.887232,-0.000663,-0.066,0.01,0.01,-0.066
-7859.903976,-0.001,-0.1,0.1,0.01,-0.01
-16313.095563,-0.001,-0.1,0.1,0.01,-0.01
-3868.54345,-0.001,-0.1,0.1,0.01,-0.01
-1184.530518,-0.000816,-0.082,0.1,0.01,0.008
-13459.815089,-0.001,-0.1,0.08,0.01,-0.03
-9215.989583,-0.001,-0.1,0.074,0.01,-0.036
-197.246799,-0.000134,-0.013,0.067,0.01,0.044
-4589.512054,-0.001,-0.1,0.1,0.01,-0.01
-9076.335811,-0.001,-0.1,0.1,0.01,-0.01
8070.500392,0.001,0.1,0.1,0.01,0.19
-10129.278925,-0.001,-0.1,0.1,0.01,-0.01
438.769039,0.000295,0.029,0.0,0.0,0.029
-7291.730656,-0.001,-0.1,0.097,0.01,-0.013
-7105.558123,-0.001,-0.1,0.1,0.01,-0.01
-4998.740744,-0.001,-0.1,0.048,0.01,-0.062
-8131.992948,-0.001,-0.1,0.098,0.01,-0.012
-14800.164718,-0.001,-0.1,0.084,0.01,-0.026
-9521.299745,-0.001,-0.1,0.059,0.01,-0.051
-5561.95297,-0.001,-0.1,0.037,0.01,-0.073
-8704.836329,-0.001,-0.1,0.076,0.01,-0.034
-19383.978848,-0.001,-0.1,0.1,0.01,-0.01
-10706.056393,-0.001,-0.1,0.034,0.01,-0.076
-5754.521214,-0.001,-0.1,0.1,0.01,-0.01
-5346.147569,-0.001,-0.1,0.017,0.01,-0.093
-7776.230901,-0.001,-0.1,0.1,0.01,-0.01
-3159.700749,-0.001,-0.1,0.032,0.01,-0.078
-2060.176363,-0.001,-0.1,0.023,0.01,-0.087
-8506.09428,-0.001,-0.1,0.1,0.01,-0.01
2519.656351,0.001,0.1,0.1,0.01,0.19
-8166.561003,-0.001,-0.1,0.1,0.01,-0.01
-4520.480933,-0.001,-0.1,0.074,0.01,-0.036
-9937.403957,-0.001,-0.1,0.1,0.01,-0.01
-7355.718815,-0.001,-0.1,0.0,0.0,-0.1
-4442.709253,-0.001,-0.1,0.059,0.01,-0.051
-5224.194094,-0.001,-0.1,0.1,0.01,-0.01
-13797.947226,-0.001,-0.1,0.091,0.01,-0.019
-14745.94199,-0.001,-0.1,0.061,0.01,-0.049
-5867.098775,-0.001,-0.1,0.075,0.01,-0.035
-2566.674613,-0.001,-0.1,0.09,0.01,-0.02
-6523.104738,-0.001,-0.1,0.089,0.01,-0.021
-18681.416807,-0.001,-0.1,0.1,0.01,-0.01
-2576.585187,-0.001,-0.1,0.0,0.0,-0.1
-2373.554619,-0.001,-0.1,0.032,0.01,-0.078
-6247.794239,-0.001,-0.1,0.047,0.01,-0.063
-6074.961379,-0.001,-0.1,0.063,0.01,-0.047
-10819.771613,-0.001,-0.1,0.069,0.01,-0.041
-14161.339229,-0.001,-0.1,0.1,0.01,-0.01
-6155.642832,-0.001,-0.1,0.011,0.01,-0.099
-4009.171051,-0.001,-0.1,0.071,0.01,-0.039
-7378.674775,-0.001,-0.1,0.1,0.01,-0.01
-5664.842787,-0.001,-0.1,0.026,0.01,-0.084
-3743.782658,-0.001,-0.1,0.011,0.01,-0.099
-7123.679053,-0.001,-0.1,0.1,0.01,-0.01
-17626.675497,-0.001,-0.1,0.074,0.01,-0.036
-2062.983085,-0.001,-0.1,0.0,0.0,-0.1
-5735.150404,-0.001,-0.1,0.077,0.01,-0.033
-3598.37053,-0.001,-0.1,0.071,0.01,-0.039
-1848.695077,-0.001,-0.1,0.045,0.01,-0.065
-6507.732142,-0.001,-0.1,0.022,0.01,-0.088
-3414.283223,-0.001,-0.1,0.031,0.01,-0.079
-8383.897583,-0.001,-0.1,0.071,0.01,-0.039
-1896.289579,-0.001,-0.1,0.0,0.0,-0.1
-7303.523222,-0.001,-0.1,0.098,0.01,-0.012
-9407.462616,-0.001,-0.1,0.1,0.01,-0.01
-8497.540467,-0.001,-0.1,0.052,0.01,-0.058
-2752.839632,-0.001,-0.1,0.016,0.01,-0.094
-4535.385246,-0.001,-0.1,0.052,0.01,-0.058
-8150.417869,-0.001,-0.1,0.098,0.01,-0.012
-12567.469518,-0.001,-0.1,0.0,0.0,-0.1
-7464.226811,-0.001,-0.1,0.1,0.01,-0.01
-23091.400878,-0.001,-0.1,0.1,0.01,-0.01
-9737.850049,-0.001,-0.1,0.1,0.01,-0.01
-11552.882381,-0.001,-0.1,0.078,0.01,-0.032
-1598.874631,-0.000819,-0.082,0.0,0.0,-0.082
0.0,0.0,0.0,0.0,0.0,0.0
-3220.943447,-0.001,-0.1,0.043,0.01,-0.067
-10057.581722,-0.001,-0.1,0.1,0.01,-0.01
2454.219899,0.001,0.1,0.1,0.01,0.19
2932.484547,0.001,0.1,0.1,0.01,0.19
-16669.742652,-0.001,-0.1,0.1,0.01,-0.01
-7259.233929,-0.001,-0.1,0.054,0.01,-0.056
-12041.170427,-0.001,-0.1,0.1,0.01,-0.01
-6110.092628,-0.001,-0.1,0.075,0.01,-0.035
-10058.635453,-0.001,-0.1,0.1,0.01,-0.01
-9034.450951,-0.001,-0.1,0.0,0.0,-0.1
0.0,0.0,0.0,0.0,0.0,0.0
-7479.014259,-0.001,-0.1,0.1,0.01,-0.01
-9748.368685,-0.001,-0.1,0.026,0.01,-0.084
-3233.305385,-0.001,-0.1,0.012,0.01,-0.098
-7722.201938,-0.001,-0.1,0.1,0.01,-0.01
-9512.470781,-0.001,-0.1,0.062,0.01,-0.048
-2723.098071,-0.001,-0.1,0.0,0.0,-0.1
-4798.681958,-0.001,-0.1,0.064,0.01,-0.046
-7791.702033,-0.001,-0.1,0.036,0.01,-0.074
-8311.970281,-0.001,-0.1,0.1,0.01,-0.01
-13492.302674,-0.001,-0.1,0.1,0.01,-0.01
-6344.641848,-0.001,-0.1,0.033,0.01,-0.077
-5817.795109,-0.001,-0.1,0.08,0.01,-0.03
-14780.053361,-0.001,-0.1,0.1,0.01,-0.01
-15359.888823,-0.001,-0.1,0.084,0.01,-0.026
-12551.566467,-0.001,-0.1,0.038,0.01,-0.072
-6532.646812,-0.001,-0.1,0.061,0.01,-0.049
-9672.093544,-0.001,-0.1,0.06,0.01,-0.05
-8255.027225,-0.001,-0.1,0.057,0.01,-0.053
-4755.661361,-0.001,-0.1,0.038,0.01,-0.072
-3053.581384,-0.001,-0.1,0.019,0.01,-0.091
-1475.933098,-0.000676,-0.068,0.008,0.01,-0.069
-4145.302633,-0.001,-0.1,0.053,0.01,-0.057
-9011.504348,-0.001,-0.1,0.056,0.01,-0.054
-16193.238693,-0.001,-0.1,0.1,0.01,-0.01
-2108.963398,-0.000952,-0.095,0.028,0.01,-0.077
-7356.136356,-0.001,-0.1,0.056,0.01,-0.054
-13572.236106,-0.001,-0.1,0.1,0.01,-0.01
-6817.322746,-0.001,-0.1,0.076,0.01,-0.034
-8130.241924,-0.001,-0.1,0.089,0.01,-0.021
-13142.74954,-0.001,-0.1,0.078,0.01,-0.032
-7819.858159,-0.001,-0.1,0.051,0.01,-0.059
-3361.743195,-0.001,-0.1,0.041,0.01,-0.069
-2566.099059,-0.001,-0.1,0.009,0.01,-0.101
-7484.529651,-0.001,-0.1,0.09,0.01,-0.02
-16436.406641,-0.001,-0.1,0.1,0.01,-0.01
-8753.416475,-0.001,-0.1,0.059,0.01,-0.051
-4495.318392,-0.001,-0.1,0.053,0.01,-0.057
-5073.701402,-0.001,-0.1,0.043,0.01,-0.067
-6419.2475,-0.001,-0.1,0.044,0.01,-0.066
-4760.035629,-0.001,-0.1,0.017,0.01,-0.093
-5977.726055,-0.001,-0.1,0.077,0.01,-0.033
-10461.752404,-0.001,-0.1,0.1,0.01,-0.01
-10708.67569,-0.001,-0.1,0.059,0.01,-0.051
-7692.561793,-0.001,-0.1,0.043,0.01,-0.067
-8656.860473,-0.001,-0.1,0.1,0.01,-0.01
1163.556642,0.00049,0.049,0.1,0.01,0.139
-15578.570467,-0.001,-0.1,0.044,0.01,-0.066
-12803.021364,-0.001,-0.1,0.1,0.01,-0.01
3593.013601,0.001,0.1,0.1,0.01,0.19
-3929.739066,-0.001,-0.1,0.0,0.0,-0.1
-7499.494176,-0.001,-0.1,0.1,0.01,-0.01
-5137.098213,-0.001,-0.1,0.1,0.01,-0.01
-12125.417013,-0.001,-0.1,0.038,0.01,-0.072
-9697.657293,-0.001,-0.1,0.1,0.01,-0.01
-10738.637555,-0.001,-0.1,0.075,0.01,-0.035
-9766.016558,-0.001,-0.1,0.03,0.01,-0.08
-5202.562724,-0.001,-0.1,0.05,0.01,-0.06
-5923.650986,-0.001,-0.1,0.036,0.01,-0.074
-3168.568881,-0.001,-0.1,0.026,0.01,-0.084
-7719.452237,-0.001,-0.1,0.1,0.01,-0.01
-10413.999545,-0.001,-0.1,0.038,0.01,-0.072
-6515.797823,-0.001,-0.1,0.1,0.01,-0.01
-8632.313864,-0.001,-0.1,0.055,0.01,-0.055
-11416.740271,-0.001,-0.1,0.1,0.01,-0.01
-8781.4337,-0.001,-0.1,0.096,0.01,-0.014
-14261.964234,-0.001,-0.1,0.1,0.01,-0.01
-6836.890835,-0.001,-0.1,0.009,0.01,-0.101
-7711.088021,-0.001,-0.1,0.096,0.01,-0.014
-11877.754987,-0.001,-0.1,0.1,0.01,-0.01
-8886.947888,-0.001,-0.1,0.0,0.0,-0.1
-7518.681537,-0.001,-0.1,0.1,0.01,-0.01
-5289.867351,-0.001,-0.1,0.037,0.01,-0.073
-6873.88719,-0.001,-0.1,0.031,0.01,-0.079
-4580.270067,-0.001,-0.1,0.06,0.01,-0.05
-4093.164656,-0.001,-0.1,0.1,0.01,-0.01
-3864.508935,-0.001,-0.1,0.1,0.01,-0.01
4389.8023,0.001,0.1,0.1,0.01,0.19
-6781.832581,-0.001,-0.1,0.035,0.01,-0.075
-5459.107824,-0.001,-0.1,0.1,0.01,-0.01
-1968.224815,-0.000752,-0.075,0.013,0.01,-0.072
-2490.892818,-0.000951,-0.095,0.017,0.01,-0.088
-1598.994878,-0.00061,-0.061,0.017,0.01,-0.054
-5078.860596,-0.001,-0.1,0.033,0.01,-0.077
-7391.344839,-0.001,-0.1,0.065,0.01,-0.045
-8317.317118,-0.001,-0.1,0.1,0.01,-0.01
-10414.112368,-0.001,-0.1,0.082,0.01,-0.028
-8043.860237,-0.001,-0.1,0.034,0.01,-0.076
-873.715333,-0.000328,-0.033,0.031,0.01,-0.012
-8235.918897,-0.001,-0.1,0.068,0.01,-0.042
-12981.919113,-0.001,-0.1,0.1,0.01,-0.01
-2460.232075,-0.000916,-0.092,0.026,0.01,-0.076
-5179.67473,-0.001,-0.1,0.06,0.01,-0.05
-9077.676625,-0.001,-0.1,0.028,0.01,-0.082
-6395.301811,-0.001,-0.1,0.1,0.01,-0.01
-2619.332484,-0.000967,-0.097,0.046,0.01,-0.06
-11001.832675,-0.001,-0.1,0.1,0.01,-0.01
-16254.460914,-0.001,-0.1,0.034,0.01,-0.076
-9837.171895,-0.001,-0.1,0.076,0.01,-0.034
-11830.746485,-0.001,-0.1,0.1,0.01,-0.01
-12356.188884,-0.001,-0.1,0.014,0.01,-0.096
-7123.533247,-0.001,-0.1,0.1,0.01,-0.01
-13814.378667,-0.001,-0.1,0.076,0.01,-0.034
-6474.744282,-0.001,-0.1,0.035,0.01,-0.075
-5620.34951,-0.001,-0.1,0.053,0.01,-0.057
-6564.787298,-0.001,-0.1,0.068,0.01,-0.042
-8832.543235,-0.001,-0.1,0.1,0.01,-0.01
-3478.343982,-0.001,-0.1,0.051,0.01,-0.059
-3854.994595,-0.001,-0.1,0.013,0.01,-0.097
-3872.633131,-0.001,-0.1,0.044,0.01,-0.066
-3342.663796,-0.001,-0.1,0.03,0.01,-0.08
-4673.831688,-0.001,-0.1,0.028,0.01,-0.082
-3734.070303,-0.001,-0.1,0.052,0.01,-0.058
-14128.933046,-0.001,-0.1,0.1,0.01,-0.01
-5073.854228,-0.001,-0.1,0.086,0.01,-0.024
-12077.321472,-0.001,-0.1,0.084,0.01,-0.026
-8597.305049,-0.001,-0.1,0.1,0.01,-0.01
7792.324423,0.001,0.1,0.1,0.01,0.19
-11878.942243,-0.001,-0.1,0.098,0.01,-0.012
-6672.43838,-0.001,-0.1,0.1,0.01,-0.01
-10265.349696,-0.001,-0.1,0.065,0.01,-0.045
-3390.184379,-0.001,-0.1,0.09,0.01,-0.02
1704.31879,0.000587,0.059,0.023,0.01,0.072
-5991.509491,-0.001,-0.1,0.068,0.01,-0.042
-14336.392973,-0.001,-0.1,0.1,0.01,-0.01
-8578.261387,-0.001,-0.1,0.089,0.01,-0.021
-5944.914903,-0.001,-0.1,0.1,0.01,-0.01
-1528.424964,-0.00052,-0.052,0.018,0.01,-0.044
-9126.99621,-0.001,-0.1,0.1,0.01,-0.01
-18056.805654,-0.001,-0.1,0.1,0.01,-0.01
-19759.09576,-0.001,-0.1,0.076,0.01,-0.034
-6072.201447,-0.001,-0.1,0.089,0.01,-0.021
-15800.633893,-0.001,-0.1,0.027,0.01,-0.083
-9329.752822,-0.001,-0.1,0.1,0.01,-0.01
-3323.305562,-0.001,-0.1,0.025,0.01,-0.085
-4202.514452,-0.001,-0.1,0.014,0.01,-0.096
-2569.291521,-0.000849,-0.085,0.025,0.01,-0.069
-1117.306467,-0.000369,-0.037,0.025,0.01,-0.022
-4278.82049,-0.001,-0.1,0.016,0.01,-0.094
-2216.399,-0.00073,-0.073,0.0,0.0,-0.073
-4522.974754,-0.001,-0.1,0.06,0.01,-0.05
-9411.06352,-0.001,-0.1,0.1,0.01,-0.01
-10040.33818,-0.001,-0.1,0.064,0.01,-0.046
-16396.30949,-0.001,-0.1,0.086,0.01,-0.024
-11518.493025,-0.001,-0.1,0.1,0.01,-0.01
-19168.770702,-0.001,-0.1,0.1,0.01,-0.01
-3373.06918,-0.001,-0.1,0.1,0.01,-0.01
-14455.559198,-0.001,-0.1,0.1,0.01,-0.01
-17329.900339,-0.001,-0.1,0.1,0.01,-0.01
-5718.139531,-0.001,-0.1,0.043,0.01,-0.067
-7492.124508,-0.001,-0.1,0.04,0.01,-0.07
-4656.47405,-0.001,-0.1,0.034,0.01,-0.076
-7625.608943,-0.001,-0.1,0.1,0.01,-0.01
-6369.070351,-0.001,-0.1,0.084,0.01,-0.026
-8272.861739,-0.001,-0.1,0.082,0.01,-0.028
-13391.494848,-0.001,-0.1,0.094,0.01,-0.016
-15563.204263,-0.001,-0.1,0.094,0.01,-0.016
-7382.231871,-0.001,-0.1,0.028,0.01,-0.082
-6450.215366,-0.001,-0.1,0.086,0.01,-0.024
-6729.945574,-0.001,-0.1,0.0,0.0,-0.1
-1740.040452,-0.000538,-0.054,0.023,0.01,-0.041
-5993.722706,-0.001,-0.1,0.034,0.01,-0.076
-9289.398471,-0.001,-0.1,0.1,0.01,-0.01
-9031.740538,-0.001,-0.1,0.1,0.01,-0.01
-3944.410999,-0.001,-0.1,0.0,0.0,-0.1
-4221.66472,-0.001,-0.1,0.056,0.01,-0.054
-9714.500279,-0.001,-0.1,0.1,0.01,-0.01
-15631.624757,-0.001,-0.1,0.1,0.01,-0.01
3802.175551,0.001,0.1,0.1,0.01,0.19
-14330.391796,-0.001,-0.1,0.088,0.01,-0.022
-9224.430235,-0.001,-0.1,0.03,0.01,-0.08
-4878.337876,-0.001,-0.1,0.05,0.01,-0.06
2696.575984,0.000814,0.081,0.008,0.01,0.079
-4275.41774,-0.001,-0.1,0.06,0.01,-0.05
-2882.985987,-0.000868,-0.087,0.053,0.01,-0.044
-13401.00203,-0.001,-0.1,0.085,0.01,-0.025
-10710.553426,-0.001,-0.1,0.1,0.01,-0.01
-10591.890734,-0.001,-0.1,0.036,0.01,-0.074
-8803.875771,-0.001,-0.1,0.086,0.01,-0.024
-18434.747084,-0.001,-0.1,0.012,0.01,-0.098
-2936.873727,-0.000868,-0.087,0.023,0.01,-0.074
-8832.131097,-0.001,-0.1,0.1,0.01,-0.01
-2010.238975,-0.000592,-0.059,0.024,0.01,-0.045
-5436.626915,-0.001,-0.1,0.082,0.01,-0.028
-7574.078743,-0.001,-0.1,0.035,0.01,-0.075
-7958.158967,-0.001,-0.1,0.1,0.01,-0.01
-15076.362458,-0.001,-0.1,0.039,0.01,-0.071
-7801.35594,-0.001,-0.1,0.061,0.01,-0.049
-12264.395947,-0.001,-0.1,0.078,0.01,-0.032
-1743.533327,-0.000505,-0.05,0.059,0.01,-0.002
-1430.259278,-0.000414,-0.041,0.014,0.01,-0.037
-8236.137448,-0.001,-0.1,0.1,0.01,-0.01
-15064.390384,-0.001,-0.1,0.035,0.01,-0.075
-9142.811706,-0.001,-0.1,0.1,0.01,-0.01
-6850.119606,-0.001,-0.1,0.082,0.01,-0.028
659.651764,0.000189,0.019,0.02,0.01,0.029
-7810.550133,-0.001,-0.1,0.097,0.01,-0.013
-5802.835186,-0.001,-0.1,0.079,0.01,-0.031
-6575.032385,-0.001,-0.1,0.044,0.01,-0.066
-7808.259109,-0.001,-0.1,0.1,0.01,-0.01
-14815.266191,-0.001,-0.1,0.038,0.01,-0.072
-11204.762188,-0.001,-0.1,0.1,0.01,-0.01
948.40327,0.000267,0.027,0.048,0.01,0.065
-9263.004981,-0.001,-0.1,0.047,0.01,-0.063
-11190.142195,-0.001,-0.1,0.1,0.01,-0.01
-3268.469649,-0.000915,-0.092,0.1,0.01,-0.002
-14987.285657,-0.001,-0.1,0.1,0.01,-0.01
2972.475666,0.00083,0.083,0.1,0.01,0.173
-5020.653091,-0.001,-0.1,0.058,0.01,-0.052
-6881.801714,-0.001,-0.1,0.051,0.01,-0.059
-7938.591735,-0.001,-0.1,0.1,0.01,-0.01
-11780.492653,-0.001,-0.1,0.072,0.01,-0.038
-10945.794021,-0.001,-0.1,0.1,0.01,-0.01
-13710.09359,-0.001,-0.1,0.1,0.01,-0.01
-3380.84576,-0.000928,-0.093,0.039,0.01,-0.064
-2753.881104,-0.000756,-0.076,0.026,0.01,-0.06
-315.614257,-8.7e-05,-0.009,0.0,0.0,-0.009
-753.026796,-0.000207,-0.021,0.01,0.01,-0.021
-1130.065479,-0.00031,-0.031,0.015,0.01,-0.026
-6133.28689,-0.001,-0.1,0.071,0.01,-0.039
-6842.670878,-0.001,-0.1,0.079,0.01,-0.031
-17194.979669,-0.001,-0.1,0.088,0.01,-0.022
-9511.646413,-0.001,-0.1,0.1,0.01,-0.01
-8308.127222,-0.001,-0.1,0.0,0.0,-0.1
-6588.355503,-0.001,-0.1,0.088,0.01,-0.022
-7738.720123,-0.001,-0.1,0.0,0.0,-0.1
-6498.133323,-0.001,-0.1,0.087,0.01,-0.023
-965.083437,-0.00026,-0.026,0.049,0.01,0.013
-10049.617621,-0.001,-0.1,0.1,0.01,-0.01
1292.852649,0.000347,0.035,0.1,0.01,0.125
-9477.310447,-0.001,-0.1,0.0,0.0,-0.1
-5254.88872,-0.001,-0.1,0.07,0.01,-0.04
-1436.445798,-0.000384,-0.038,0.05,0.01,0.002
-10122.91992,-0.001,-0.1,0.1,0.01,-0.01
-2006.53476,-0.000535,-0.053,0.041,0.01,-0.022
-6676.981938,-0.001,-0.1,0.08,0.01,-0.03
-7529.439722,-0.001,-0.1,0.045,0.01,-0.065
-10703.527488,-0.001,-0.1,0.088,0.01,-0.022
-5493.209893,-0.001,-0.1,0.038,0.01,-0.072
-7431.051559,-0.001,-0.1,0.1,0.01,-0.01
-9821.136523,-0.001,-0.1,0.027,0.01,-0.083
-1215.893335,-0.00032,-0.032,0.013,0.01,-0.029
-7127.201515,-0.001,-0.1,0.097,0.01,-0.013
-8181.480904,-0.001,-0.1,0.08,0.01,-0.03
1735.970338,0.000455,0.045,0.0,0.0,0.045
-4313.76309,-0.001,-0.1,0.058,0.01,-0.052
-9575.359517,-0.001,-0.1,0.059,0.01,-0.051
-8674.27709,-0.001,-0.1,0.1,0.01,-0.01
-1005.292321,-0.000262,-0.026,0.1,0.01,0.064
1837.196824,0.000479,0.048,0.1,0.01,0.138
-15360.684652,-0.001,-0.1,0.1,0.01,-0.01
-7160.464665,-0.001,-0.1,0.024,0.01,-0.086
-4492.566408,-0.001,-0.1,0.047,0.01,-0.063
-7046.583555,-0.001,-0.1,0.1,0.01,-0.01
-5615.57823,-0.001,-0.1,0.026,0.01,-0.084
-6930.162027,-0.001,-0.1,0.082,0.01,-0.028
-6718.127835,-0.001,-0.1,0.013,0.01,-0.097
-8414.939047,-0.001,-0.1,0.1,0.01,-0.01
-10236.797708,-0.001,-0.1,0.1,0.01,-0.01
-4635.59945,-0.001,-0.1,0.022,0.01,-0.088
-8059.47743,-0.001,-0.1,0.1,0.01,-0.01
-9348.987662,-0.001,-0.1,0.079,0.01,-0.031
-15225.420326,-0.001,-0.1,0.044,0.01,-0.066
-7729.035209,-0.001,-0.1,0.1,0.01,-0.01
-6917.361399,-0.001,-0.1,0.048,0.01,-0.062
-6638.531351,-0.001,-0.1,0.019,0.01,-0.091
-4895.217849,-0.001,-0.1,0.058,0.01,-0.052
-4426.043739,-0.001,-0.1,0.1,0.01,-0.01
-12741.549122,-0.001,-0.1,0.038,0.01,-0.072
3.206909,1e-06,0.0,0.022,0.01,0.012
-7646.777327,-0.001,-0.1,0.094,0.01,-0.016
-6655.040168,-0.001,-0.1,0.026,0.01,-0.084
-3459.495,-0.000863,-0.086,0.0,0.0,-0.086
-6345.18355,-0.001,-0.1,0.085,0.01,-0.025
-11215.557256,-0.001,-0.1,0.082,0.01,-0.028
-8123.669249,-0.001,-0.1,0.1,0.01,-0.01
-1283.81043,-0.000318,-0.032,0.098,0.01,0.057
-11139.800912,-0.001,-0.1,0.1,0.01,-0.01
-8559.34918,-0.001,-0.1,0.1,0.01,-0.01
-2267.234337,-0.000559,-0.056,0.063,0.01,-0.003
-14066.736961,-0.001,-0.1,0.1,0.01,-0.01
-9838.518955,-0.001,-0.1,0.088,0.01,-0.022
-5675.270556,-0.001,-0.1,0.042,0.01,-0.068
-6330.191666,-0.001,-0.1,0.075,0.01,-0.035
-18118.57404,-0.001,-0.1,0.08,0.01,-0.03
-7699.867254,-0.001,-0.1,0.06,0.01,-0.05
-9676.206197,-0.001,-0.1,0.1,0.01,-0.01
-14682.880476,-0.001,-0.1,0.1,0.01,-0.01
-7893.96082,-0.001,-0.1,0.096,0.01,-0.014
-8253.123744,-0.001,-0.1,0.1,0.01,-0.01
-7056.228159,-0.001,-0.1,0.085,0.01,-0.025
-11353.987687,-0.001,-0.1,0.092,0.01,-0.018
-10741.923134,-0.001,-0.1,0.054,0.01,-0.056
-4145.017788,-0.000989,-0.099,0.037,0.01,-0.072
-9878.661877,-0.001,-0.1,0.1,0.01,-0.01
-17560.323442,-0.001,-0.1,0.1,0.01,-0.01
-2532.129668,-0.0006,-0.06,0.1,0.01,0.03
-8420.963281,-0.001,-0.1,0.029,0.01,-0.081
-3817.203048,-0.000901,-0.09,0.051,0.01,-0.049
-7673.56707,-0.001,-0.1,0.054,0.01,-0.056
-3700.804975,-0.000872,-0.087,0.0,0.0,-0.087
-2993.535139,-0.000704,-0.07,0.04,0.01,-0.04
-7588.40024,-0.001,-0.1,0.1,0.01,-0.01
4308.826643,0.001,0.1,0.1,0.01,0.19
517.762808,0.000122,0.012,0.017,0.01,0.019
-6037.409076,-0.001,-0.1,0.075,0.01,-0.035
-13407.367072,-0.001,-0.1,0.037,0.01,-0.073
-10709.363976,-0.001,-0.1,0.1,0.01,-0.01
-18605.991284,-0.001,-0.1,0.1,0.01,-0.01
-3563.193372,-0.000828,-0.083,0.1,0.01,0.007
-4994.126708,-0.001,-0.1,0.1,0.01,-0.01
-15048.775189,-0.001,-0.1,0.092,0.01,-0.018
-4900.996434,-0.001,-0.1,0.008,0.01,-0.102
-2499.236641,-0.000577,-0.058,0.03,0.01,-0.038
-5693.690082,-0.001,-0.1,0.034,0.01,-0.076
-11443.535919,-0.001,-0.1,0.074,0.01,-0.036
-10690.073289,-0.001,-0.1,0.1,0.01,-0.01
-9322.585145,-0.001,-0.1,0.065,0.01,-0.045
-13104.092743,-0.001,-0.1,0.1,0.01,-0.01
-5817.084861,-0.001,-0.1,0.043,0.01,-0.067
-2636.214776,-0.0006,-0.06,0.0,0.0,-0.06
-7469.239056,-0.001,-0.1,0.1,0.01,-0.01
-7331.957608,-0.001,-0.1,0.0,0.0,-0.1
-7491.817365,-0.001,-0.1,0.1,0.01,-0.01
-4336.238675,-0.000982,-0.098,0.081,0.01,-0.027
-3074.659704,-0.000696,-0.07,0.073,0.01,-0.007
-2467.19865,-0.000558,-0.056,0.009,0.01,-0.057
-4039.217196,-0.000912,-0.091,0.054,0.01,-0.047
-2352.018743,-0.000531,-0.053,0.0,0.0,-0.053
-1628.763277,-0.000368,-0.037,0.022,0.01,-0.025
-8298.407807,-0.001,-0.1,0.08,0.01,-0.03
-13998.620136,-0.001,-0.1,0.043,0.01,-0.067
-623.627843,-0.00014,-0.014,0.023,0.01,-0.001
-8857.636279,-0.001,-0.1,0.1,0.01,-0.01
-2135.921501,-0.000478,-0.048,0.1,0.01,0.042
-11043.500232,-0.001,-0.1,0.013,0.01,-0.097
-2919.577563,-0.000652,-0.065,0.016,0.01,-0.059
-4402.93766,-0.000982,-0.098,0.04,0.01,-0.069
-2711.967999,-0.000605,-0.06,0.012,0.01,-0.059
-7306.292025,-0.001,-0.1,0.1,0.01,-0.01
-1626.700379,-0.000362,-0.036,0.042,0.01,-0.005
-10232.444102,-0.001,-0.1,0.1,0.01,-0.01
-802.41714,-0.000178,-0.018,0.055,0.01,0.027
-2035.836791,-0.000452,-0.045,0.0,0.0,-0.045
-1719.676374,-0.000381,-0.038,0.023,0.01,-0.025
-8326.665217,-0.001,-0.1,0.1,0.01,-0.01
-8327.630429,-0.001,-0.1,0.063,0.01,-0.047
-19035.313746,-0.001,-0.1,0.1,0.01,-0.01
269.384608,5.9e-05,0.006,0.1,0.01,0.096
1145.722131,0.000252,0.025,0.1,0.01,0.115
-9546.888969,-0.001,-0.1,0.015,0.01,-0.095
-4183.69645,-0.000918,-0.092,0.027,0.01,-0.075
-3804.925726,-0.000834,-0.083,0.053,0.01,-0.04
-10828.751028,-0.001,-0.1,0.1,0.01,-0.01
-17933.391793,-0.001,-0.1,0.1,0.01,-0.01
-23294.226948,-0.001,-0.1,0.074,0.01,-0.036
-10933.333172,-0.001,-0.1,0.1,0.01,-0.01
-7295.489537,-0.001,-0.1,0.03,0.01,-0.08
-9009.055312,-0.001,-0.1,0.1,0.01,-0.01
-5757.674831,-0.001,-0.1,0.024,0.01,-0.086
-8821.412092,-0.001,-0.1,0.1,0.01,-0.01
-7841.513174,-0.001,-0.1,0.0,0.0,-0.1
-2462.036045,-0.000528,-0.053,0.033,0.01,-0.03
-9059.125249,-0.001,-0.1,0.1,0.01,-0.01
-15144.086419,-0.001,-0.1,0.1,0.01,-0.01
3547.360124,0.000757,0.076,0.1,0.01,0.166
-6678.558454,-0.001,-0.1,0.016,0.01,-0.094
-3353.823452,-0.000714,-0.071,0.037,0.01,-0.044
-10810.805896,-0.001,-0.1,0.083,0.01,-0.027
5527.594481,0.001,0.1,0.017,0.01,0.107
-3326.313017,-0.000707,-0.071,0.02,0.01,-0.06
-8419.736413,-0.001,-0.1,0.082,0.01,-0.028
-1633.567561,-0.000346,-0.035,0.081,0.01,0.036
-8351.133907,-0.001,-0.1,0.04,0.01,-0.07
-4226.92194,-0.000894,-0.089,0.021,0.01,-0.079
-5787.491891,-0.001,-0.1,0.083,0.01,-0.027
-6417.155724,-0.001,-0.1,0.074,0.01,-0.036
-11253.664049,-0.001,-0.1,0.047,0.01,-0.063
-5671.498977,-0.001,-0.1,0.1,0.01,-0.01
-13046.451432,-0.001,-0.1,0.046,0.01,-0.064
-6832.452735,-0.001,-0.1,0.1,0.01,-0.01
-8159.64769,-0.001,-0.1,0.091,0.01,-0.019
-15736.692112,-0.001,-0.1,0.082,0.01,-0.028
-13668.480361,-0.001,-0.1,0.1,0.01,-0.01
-14843.967962,-0.001,-0.1,0.1,0.01,-0.01
-12738.039135,-0.001,-0.1,0.023,0.01,-0.087
-6576.906411,-0.001,-0.1,0.062,0.01,-0.048
-11259.132896,-0.001,-0.1,0.1,0.01,-0.01
-9346.501657,-0.001,-0.1,0.084,0.01,-0.026
-8648.380288,-0.001,-0.1,0.1,0.01,-0.01
-9740.772917,-0.001,-0.1,0.035,0.01,-0.075
-8537.630415,-0.001,-0.1,0.1,0.01,-0.01
-11985.655486,-0.001,-0.1,0.017,0.01,-0.093
-9197.777814,-0.001,-0.1,0.1,0.01,-0.01
-5218.314804,-0.001,-0.1,0.044,0.01,-0.066
-5449.940893,-0.001,-0.1,0.061,0.01,-0.049
-6147.592041,-0.001,-0.1,0.029,0.01,-0.081
-8077.960546,-0.001,-0.1,0.083,0.01,-0.027
-16668.609432,-0.001,-0.1,0.1,0.01,-0.01
-4586.636575,-0.000924,-0.092,0.1,0.01,-0.002
-6088.855769,-0.001,-0.1,0.027,0.01,-0.083
-3400.085895,-0.000684,-0.068,0.018,0.01,-0.061
-5733.245929,-0.001,-0.1,0.077,0.01,-0.033
-7689.945305,-0.001,-0.1,0.015,0.01,-0.095
-5497.289316,-0.001,-0.1,0.049,0.01,-0.061
-9046.548081,-0.001,-0.1,0.037,0.01,-0.073
-10406.741503,-0.001,-0.1,0.1,0.01,-0.01
-4342.809046,-0.000866,-0.087,0.077,0.01,-0.019
-17987.594211,-0.001,-0.1,0.1,0.01,-0.01
-17168.217634,-0.001,-0.1,0.026,0.01,-0.084
-4577.013146,-0.000905,-0.091,0.016,0.01,-0.085
-5281.435784,-0.001,-0.1,0.063,0.01,-0.047
-4895.682266,-0.000967,-0.097,0.02,0.01,-0.087
-8955.767791,-0.001,-0.1,0.1,0.01,-0.01
-4088.845588,-0.000805,-0.081,0.015,0.01,-0.076
-8142.673595,-0.001,-0.1,0.1,0.01,-0.01
-5466.727204,-0.001,-0.1,0.1,0.01,-0.01
-7074.097133,-0.001,-0.1,0.021,0.01,-0.089
-2909.101858,-0.00057,-0.057,0.023,0.01,-0.044
-9002.271686,-0.001,-0.1,0.1,0.01,-0.01
-11499.581716,-0.001,-0.1,0.092,0.01,-0.018
-13395.788068,-0.001,-0.1,0.1,0.01,-0.01
-14882.875003,-0.001,-0.1,0.019,0.01,-0.091
-2261.516987,-0.000439,-0.044,0.0,0.0,-0.044
-7421.944163,-0.001,-0.1,0.1,0.01,-0.01
-9499.349157,-0.001,-0.1,0.05,0.01,-0.06
-10348.364842,-0.001,-0.1,0.1,0.01,-0.01
-8364.724119,-0.001,-0.1,0.047,0.01,-0.063
-3921.487256,-0.000755,-0.076,0.032,0.01,-0.053
-6513.706361,-0.001,-0.1,0.055,0.01,-0.055
-7780.232194,-0.001,-0.1,0.04,0.01,-0.07
-5565.575597,-0.001,-0.1,0.054,0.01,-0.056
-6927.417721,-0.001,-0.1,0.023,0.01,-0.087
-9009.336544,-0.001,-0.1,0.1,0.01,-0.01
-8415.839804,-0.001,-0.1,0.1,0.01,-0.01
5078.436397,0.000971,0.097,0.1,0.01,0.187
-10018.012696,-0.001,-0.1,0.1,0.01,-0.01
-13625.875597,-0.001,-0.1,0.1,0.01,-0.01
-6003.966171,-0.001,-0.1,0.08,0.01,-0.03
-15759.668473,-0.001,-0.1,0.07,0.01,-0.04
-2725.26152,-0.000516,-0.052,0.037,0.01,-0.024
-5007.929807,-0.000948,-0.095,0.088,0.01,-0.016
-13936.109211,-0.001,-0.1,0.053,0.01,-0.057
-6113.517954,-0.001,-0.1,0.069,0.01,-0.041
-5170.123436,-0.000974,-0.097,0.025,0.01,-0.082
-4648.757132,-0.000875,-0.087,0.037,0.01,-0.06
-4241.585373,-0.000797,-0.08,0.05,0.01,-0.039
-8207.325872,-0.001,-0.1,0.083,0.01,-0.027
-8728.56582,-0.001,-0.1,0.02,0.01,-0.09
-387.607376,-7.3e-05,-0.007,0.0,0.0,-0.007
-864.742458,-0.000162,-0.016,0.012,0.01,-0.015
-666.230389,-0.000125,-0.012,0.008,0.01,-0.014
-8354.400539,-0.001,-0.1,0.1,0.01,-0.01
-12650.952273,-0.001,-0.1,0.04,0.01,-0.07
-9258.172062,-0.001,-0.1,0.071,0.01,-0.039
-7541.225522,-0.001,-0.1,0.1,0.01,-0.01
-25253.451136,-0.001,-0.1,0.1,0.01,-0.01
-6970.752922,-0.001,-0.1,0.06,0.01,-0.05
-5012.910414,-0.000926,-0.093,0.035,0.01,-0.068
-7628.550678,-0.001,-0.1,0.1,0.01,-0.01
-10773.214134,-0.001,-0.1,0.032,0.01,-0.078
-3902.033956,-0.000718,-0.072,0.044,0.01,-0.038
-2669.974399,-0.000491,-0.049,0.011,0.01,-0.049
-1859.128658,-0.000342,-0.034,0.0,0.0,-0.034
-7406.077222,-0.001,-0.1,0.1,0.01,-0.01
-13519.940979,-0.001,-0.1,0.039,0.01,-0.071
-3676.33105,-0.000673,-0.067,0.042,0.01,-0.035
-7736.947376,-0.001,-0.1,0.077,0.01,-0.033
-18039.541777,-0.001,-0.1,0.1,0.01,-0.01
-15467.652275,-0.001,-0.1,0.1,0.01,-0.01
-19845.578114,-0.001,-0.1,0.08,0.01,-0.03
-6847.203429,-0.001,-0.1,0.077,0.01,-0.033
-9090.393965,-0.001,-0.1,0.1,0.01,-0.01
-9822.188339,-0.001,-0.1,0.023,0.01,-0.087
-2202.576207,-0.000397,-0.04,0.029,0.01,-0.021
-9796.39807,-0.001,-0.1,0.1,0.01,-0.01
-4410.809347,-0.000792,-0.079,0.098,0.01,0.008
-8747.532812,-0.001,-0.1,0.1,0.01,-0.01
-11162.766637,-0.001,-0.1,0.1,0.01,-0.01
-368.802695,-6.6e-05,-0.007,0.1,0.01,0.083
-9316.208232,-0.001,-0.1,0.1,0.01,-0.01
-6813.653323,-0.001,-0.1,0.013,0.01,-0.097
-8945.655827,-0.001,-0.1,0.1,0.01,-0.01
-3070.997411,-0.000547,-0.055,0.0,0.0,-0.055
-3322.134886,-0.000591,-0.059,0.045,0.01,-0.024
-10898.598894,-0.001,-0.1,0.1,0.01,-0.01
-242.089149,-4.3e-05,-0.004,0.009,0.01,-0.006
-6741.950042,-0.001,-0.1,0.08,0.01,-0.03
-6217.588228,-0.001,-0.1,0.055,0.01,-0.055
-9908.256388,-0.001,-0.1,0.094,0.01,-0.016
-4349.645519,-0.000769,-0.077,0.1,0.01,0.013
-4336.302297,-0.000766,-0.077,0.02,0.01,-0.066
-6707.21369,-0.001,-0.1,0.074,0.01,-0.036
-6649.219941,-0.001,-0.1,0.053,0.01,-0.057
-5947.582875,-0.001,-0.1,0.09,0.01,-0.02
-2806.282429,-0.000494,-0.049,0.043,0.01,-0.017
-4346.087111,-0.000764,-0.076,0.0,0.0,-0.076
-1373.965623,-0.000241,-0.024,0.018,0.01,-0.016
-5693.878546,-0.001,-0.1,0.073,0.01,-0.037
-4218.016578,-0.00074,-0.074,0.01,0.01,-0.074
-1949.475616,-0.000342,-0.034,0.02,0.01,-0.024
-9369.748266,-0.001,-0.1,0.1,0.01,-0.01
2564.112854,0.000449,0.045,0.1,0.01,0.135
-477.356554,-8.4e-05,-0.008,0.1,0.01,0.082
-6132.732866,-0.001,-0.1,0.047,0.01,-0.063
-10756.765962,-0.001,-0.1,0.1,0.01,-0.01
-6494.892748,-0.001,-0.1,0.0,0.0,-0.1
-719.265317,-0.000125,-0.013,0.01,0.01,-0.013
-5852.874731,-0.001,-0.1,0.075,0.01,-0.035
-1480.766557,-0.000258,-0.026,0.033,0.01,-0.003
-2177.097251,-0.000379,-0.038,0.027,0.01,-0.021
-9025.747059,-0.001,-0.1,0.1,0.01,-0.01
2181.194102,0.000379,0.038,0.1,0.01,0.128
-7174.275538,-0.001,-0.1,0.1,0.01,-0.01
-975.950344,-0.00017,-0.017,0.1,0.01,0.073
-12533.778582,-0.001,-0.1,0.033,0.01,-0.077
-1700.046847,-0.000295,-0.029,0.033,0.01,-0.006
-9556.539449,-0.001,-0.1,0.1,0.01,-0.01
-7441.467111,-0.001,-0.1,0.092,0.01,-0.018
-9889.313698,-0.001,-0.1,0.066,0.01,-0.044
-14241.621889,-0.001,-0.1,0.1,0.01,-0.01
-2573.741178,-0.000443,-0.044,0.1,0.01,0.046
7008.505955,0.001,0.1,0.1,0.01,0.19
4609.137014,0.000794,0.079,0.025,0.01,0.094
-5706.375497,-0.000982,-0.098,0.054,0.01,-0.054
-8971.958633,-0.001,-0.1,0.1,0.01,-0.01
-1383.038152,-0.000238,-0.024,0.049,0.01,0.015
-13766.588873,-0.001,-0.1,0.1,0.01,-0.01
-13310.527202,-0.001,-0.1,0.076,0.01,-0.034
-12887.788317,-0.001,-0.1,0.1,0.01,-0.01
-1408.279791,-0.00024,-0.024,0.1,0.01,0.066
-17296.658134,-0.001,-0.1,0.075,0.01,-0.035
-299.82152,-5.1e-05,-0.005,0.0,0.0,-0.005
-4620.973746,-0.000785,-0.079,0.062,0.01,-0.027
-8542.845218,-0.001,-0.1,0.042,0.01,-0.068
-9462.757775,-0.001,-0.1,0.1,0.01,-0.01
-4511.612353,-0.000764,-0.076,0.009,0.01,-0.077
-5690.146802,-0.000963,-0.096,0.079,0.01,-0.027
-9235.011884,-0.001,-0.1,0.018,0.01,-0.092
-9222.204034,-0.001,-0.1,0.1,0.01,-0.01
-7477.412648,-0.001,-0.1,0.048,0.01,-0.062
-9638.214386,-0.001,-0.1,0.096,0.01,-0.014
-10757.607335,-0.001,-0.1,0.037,0.01,-0.073
-5836.606948,-0.000979,-0.098,0.026,0.01,-0.082
-4639.491461,-0.000777,-0.078,0.052,0.01,-0.036
-4427.798349,-0.000741,-0.074,0.019,0.01,-0.065
-7206.017935,-0.001,-0.1,0.09,0.01,-0.02
-3995.96885,-0.000668,-0.067,0.011,0.01,-0.066
-8213.396299,-0.001,-0.1,0.085,0.01,-0.025
-9027.765116,-0.001,-0.1,0.1,0.01,-0.01
-11612.204231,-0.001,-0.1,0.053,0.01,-0.057
-11771.210913,-0.001,-0.1,0.1,0.01,-0.01
-9440.131724,-0.001,-0.1,0.097,0.01,-0.013
-9224.251444,-0.001,-0.1,0.1,0.01,-0.01
-1786.721736,-0.000296,-0.03,0.036,0.01,-0.003
-767.450827,-0.000127,-0.013,0.02,0.01,-0.002
-3181.74137,-0.000526,-0.053,0.037,0.01,-0.026
-305.358009,-5e-05,-0.005,0.0,0.0,-0.005
-7492.890065,-0.001,-0.1,0.1,0.01,-0.01
-9959.13043,-0.001,-0.1,0.03,0.01,-0.08
-2575.782067,-0.000424,-0.042,0.027,0.01,-0.025
-3081.96672,-0.000508,-0.051,0.019,0.01,-0.041
-9668.48725,-0.001,-0.1,0.097,0.01,-0.013
-19800.993545,-0.001,-0.1,0.1,0.01,-0.01
2991.326271,0.00049,0.049,0.013,0.01,0.052
-4280.840038,-0.000701,-0.07,0.043,0.01,-0.037
-10490.329278,-0.001,-0.1,0.1,0.01,-0.01
-6166.265829,-0.001,-0.1,0.035,0.01,-0.075
-5353.479093,-0.000874,-0.087,0.041,0.01,-0.057
-8199.74017,-0.001,-0.1,0.1,0.01,-0.01
-21122.718724,-0.001,-0.1,0.08,0.01,-0.03
-12265.368626,-0.001,-0.1,0.1,0.01,-0.01
-4003.215422,-0.000649,-0.065,0.1,0.01,0.025
-14118.815646,-0.001,-0.1,0.029,0.01,-0.081
-7892.037872,-0.001,-0.1,0.1,0.01,-0.01
-11636.591504,-0.001,-0.1,0.091,0.01,-0.019
1612.551878,0.00026,0.026,0.026,0.01,0.042
-8143.703483,-0.001,-0.1,0.1,0.01,-0.01
-1120.357499,-0.00018,-0.018,0.1,0.01,0.072
82.236922,1.3e-05,0.001,0.1,0.01,0.091
-10964.052814,-0.001,-0.1,0.0,0.0,-0.1
-2512.566764,-0.000404,-0.04,0.033,0.01,-0.017
-10095.004618,-0.001,-0.1,0.1,0.01,-0.01
-10096.061474,-0.001,-0.1,0.1,0.01,-0.01
-6292.914279,-0.001,-0.1,0.086,0.01,-0.024
-7787.271922,-0.001,-0.1,0.085,0.01,-0.025
-14239.434851,-0.001,-0.1,0.027,0.01,-0.083
-3542.827361,-0.000564,-0.056,0.018,0.01,-0.049
-1224.368943,-0.000195,-0.02,0.0,0.0,-0.02
-7566.918373,-0.001,-0.1,0.1,0.01,-0.01
-5616.032096,-0.000893,-0.089,0.081,0.01,-0.018
-8321.700581,-0.001,-0.1,0.1,0.01,-0.01
-7523.257385,-0.001,-0.1,0.066,0.01,-0.044
-14531.136223,-0.001,-0.1,0.1,0.01,-0.01
-3200.006506,-0.000506,-0.051,0.053,0.01,-0.007
-10642.540745,-0.001,-0.1,0.055,0.01,-0.055
-4405.545072,-0.000695,-0.069,0.045,0.01,-0.035
-2659.46636,-0.000419,-0.042,0.0,0.0,-0.042
-5894.294891,-0.000928,-0.093,0.077,0.01,-0.025
-16010.526376,-0.001,-0.1,0.096,0.01,-0.014
-16495.243402,-0.001,-0.1,0.1,0.01,-0.01
-10519.271423,-0.001,-0.1,0.096,0.01,-0.014
-14402.350415,-0.001,-0.1,0.1,0.01,-0.01
-5848.683283,-0.000912,-0.091,0.008,0.01,-0.093
-8573.93122,-0.001,-0.1,0.1,0.01,-0.01
-10448.065465,-0.001,-0.1,0.058,0.01,-0.052
-9689.398903,-0.001,-0.1,0.09,0.01,-0.02
-18466.268415,-0.001,-0.1,0.1,0.01,-0.01
3790.598299,0.000587,0.059,0.1,0.01,0.149
-8510.956899,-0.001,-0.1,0.088,0.01,-0.022
1664.064179,0.000257,0.026,0.046,0.01,0.062
-10717.855652,-0.001,-0.1,0.1,0.01,-0.01
-9340.340356,-0.001,-0.1,0.07,0.01,-0.04
-10332.349332,-0.001,-0.1,0.1,0.01,-0.01
-4721.064075,-0.000727,-0.073,0.1,0.01,0.017
-6544.088305,-0.001,-0.1,0.025,0.01,-0.085
-6471.143301,-0.000994,-0.099,0.072,0.01,-0.037
-13467.755825,-0.001,-0.1,0.098,0.01,-0.012
-10258.128465,-0.001,-0.1,0.056,0.01,-0.054
-11817.216717,-0.001,-0.1,0.1,0.01,-0.01
-8261.80879,-0.001,-0.1,0.054,0.01,-0.056
-6551.382309,-0.000999,-0.1,0.011,0.01,-0.099
15.037774,2e-06,0.0,0.0,0.0,0.0
-7669.148727,-0.001,-0.1,0.1,0.01,-0.01
-8685.844754,-0.001,-0.1,0.0,0.0,-0.1
-5176.881565,-0.000786,-0.079,0.067,0.01,-0.021
-11986.243071,-0.001,-0.1,0.043,0.01,-0.067
-6555.809509,-0.000993,-0.099,0.041,0.01,-0.068
-8121.794622,-0.001,-0.1,0.068,0.01,-0.042
-10815.91824,-0.001,-0.1,0.024,0.01,-0.086
-5314.520624,-0.000802,-0.08,0.054,0.01,-0.036
-8012.658241,-0.001,-0.1,0.048,0.01,-0.062
-5511.278928,-0.00083,-0.083,0.1,0.01,0.007
-7412.816006,-0.001,-0.1,0.1,0.01,-0.01
-11240.045629,-0.001,-0.1,0.1,0.01,-0.01
-7483.228238,-0.001,-0.1,0.06,0.01,-0.05
-5934.127633,-0.00089,-0.089,0.058,0.01,-0.041
-7574.83294,-0.001,-0.1,0.1,0.01,-0.01
-16358.532959,-0.001,-0.1,0.1,0.01,-0.01
1243.073778,0.000186,0.019,0.1,0.01,0.109
-10152.867932,-0.001,-0.1,0.029,0.01,-0.081
-7229.21679,-0.001,-0.1,0.1,0.01,-0.01
-1791.45084,-0.000267,-0.027,0.015,0.01,-0.022
-3932.527809,-0.000585,-0.059,0.035,0.01,-0.033
-2860.333304,-0.000426,-0.043,0.016,0.01,-0.036
-6959.343088,-0.001,-0.1,0.1,0.01,-0.01
-14835.15639,-0.001,-0.1,0.056,0.01,-0.054
-14818.024031,-0.001,-0.1,0.1,0.01,-0.01
-6733.927384,-0.000996,-0.1,0.068,0.01,-0.042
-4653.529017,-0.000688,-0.069,0.014,0.01,-0.065
-8165.554265,-0.001,-0.1,0.1,0.01,-0.01
1228.245126,0.000181,0.018,0.1,0.01,0.108
-6884.075134,-0.001,-0.1,0.0,0.0,-0.1
-3191.493823,-0.00047,-0.047,0.042,0.01,-0.015
-2712.108918,-0.0004,-0.04,0.048,0.01,-0.002
-7765.117157,-0.001,-0.1,0.067,0.01,-0.043
-12495.572238,-0.001,-0.1,0.069,0.01,-0.041
-11476.938149,-0.001,-0.1,0.089,0.01,-0.021
-4418.784457,-0.000648,-0.065,0.026,0.01,-0.049
-1196.81534,-0.000175,-0.018,0.008,0.01,-0.019
-5068.718858,-0.000742,-0.074,0.063,0.01,-0.021
-6615.410575,-0.000968,-0.097,0.071,0.01,-0.035
-15255.465929,-0.001,-0.1,0.088,0.01,-0.022
-11664.171893,-0.001,-0.1,0.082,0.01,-0.028
-6176.928656,-0.000899,-0.09,0.065,0.01,-0.035
-7908.325016,-0.001,-0.1,0.064,0.01,-0.046
-314.087754,-4.6e-05,-0.005,0.023,0.01,0.008
-8062.020019,-0.001,-0.1,0.1,0.01,-0.01
-21425.096382,-0.001,-0.1,0.092,0.01,-0.018
-6120.262975,-0.000885,-0.089,0.016,0.01,-0.083
-8908.824781,-0.001,-0.1,0.09,0.01,-0.02
-5154.17623,-0.000744,-0.074,0.015,0.01,-0.07
-7929.487827,-0.001,-0.1,0.1,0.01,-0.01
-8511.644727,-0.001,-0.1,0.1,0.01,-0.01
3347.209473,0.000482,0.048,0.1,0.01,0.138
-10082.523715,-0.001,-0.1,0.094,0.01,-0.016
-21617.919008,-0.001,-0.1,0.1,0.01,-0.01
-11031.354535,-0.001,-0.1,0.047,0.01,-0.063
154.585739,2.2e-05,0.002,0.043,0.01,0.035
-6683.098346,-0.000956,-0.096,0.014,0.01,-0.092
-6015.684829,-0.00086,-0.086,0.063,0.01,-0.033
-13356.689703,-0.001,-0.1,0.1,0.01,-0.01
-5138.839394,-0.000733,-0.073,0.029,0.01,-0.054
-7693.537047,-0.001,-0.1,0.1,0.01,-0.01
-12381.298502,-0.001,-0.1,0.092,0.01,-0.018
-9798.443962,-0.001,-0.1,0.067,0.01,-0.043
-3314.740358,-0.00047,-0.047,0.051,0.01,-0.007
-6441.468448,-0.000913,-0.091,0.0,0.0,-0.091
0.0,0.0,0.0,0.0,0.0,0.0
-3963.525239,-0.000562,-0.056,0.052,0.01,-0.014
-10363.072942,-0.001,-0.1,0.1,0.01,-0.01
-8818.276447,-0.001,-0.1,0.035,0.01,-0.075
-544.52036,-7.7e-05,-0.008,0.031,0.01,0.014
-4654.308824,-0.000657,-0.066,0.035,0.01,-0.041
-5793.09743,-0.000817,-0.082,0.037,0.01,-0.055
-3236.250522,-0.000456,-0.046,0.043,0.01,-0.013
-10384.437542,-0.001,-0.1,0.1,0.01,-0.01
-16716.491052,-0.001,-0.1,0.033,0.01,-0.077
-3571.476626,-0.000501,-0.05,0.011,0.01,-0.049
-2515.775357,-0.000353,-0.035,0.021,0.01,-0.024
-8273.536986,-0.001,-0.1,0.086,0.01,-0.024
7316513.535652,0.001,0.1,0.04,0.01,0.13
-3311.823025,-0.001,-0.1,0.0,0.0,-0.1
-7517.753635,-0.001,-0.1,0.1,0.01,-0.01
-8916.064943,-0.001,-0.1,0.036,0.01,-0.074
-9762.416156,-0.001,-0.1,0.1,0.01,-0.01
-4628.39943,-0.001,-0.1,0.1,0.01,-0.01
-12995.818493,-0.001,-0.1,0.055,0.01,-0.055
-1458.846375,-0.001,-0.1,0.0,0.0,-0.1
-7527.404531,-0.001,-0.1,0.1,0.01,-0.01
-9486.736026,-0.001,-0.1,0.09,0.01,-0.02
-7762.351066,-0.001,-0.1,0.071,0.01,-0.039
-7604.706207,-0.001,-0.1,0.065,0.01,-0.045
1033.425499,0.001,0.1,0.026,0.01,0.116
-3717.093701,-0.001,-0.1,0.062,0.01,-0.048
-1360.53331,-0.001,-0.1,0.0,0.0,-0.1
-7488.078516,-0.001,-0.1,0.1,0.01,-0.01
-6187.930703,-0.001,-0.1,0.037,0.01,-0.073
-830.089121,-0.001,-0.1,0.009,0.01,-0.101
-4892.506934,-0.001,-0.1,0.051,0.01,-0.059
-6299.655139,-0.001,-0.1,0.1,0.01,-0.01
-12700.174321,-0.001,-0.1,0.088,0.01,-0.022
-12172.931941,-0.001,-0.1,0.1,0.01,-0.01
-13564.825308,-0.001,-0.1,0.02,0.01,-0.09
-8990.822437,-0.001,-0.1,0.1,0.01,-0.01
-6109.313064,-0.001,-0.1,0.023,0.01,-0.087
-7284.520469,-0.001,-0.1,0.1,0.01,-0.01
-8606.5036,-0.001,-0.1,0.024,0.01,-0.086
-3269.899137,-0.001,-0.1,0.038,0.01,-0.072
-8773.851935,-0.001,-0.1,0.1,0.01,-0.01
-3236.569099,-0.001,-0.1,0.017,0.01,-0.093
-855.618377,-0.001,-0.1,0.021,0.01,-0.089
-3643.052589,-0.001,-0.1,0.035,0.01,-0.075
101.221003,0.001,0.1,0.0,0.0,0.1
-3148.132259,-0.001,-0.1,0.042,0.01,-0.068
-12111.709903,-0.001,-0.1,0.1,0.01,-0.01
-3931.579492,-0.001,-0.1,0.0,0.0,-0.1
-7441.763099,-0.001,-0.1,0.1,0.01,-0.01
-18967.029404,-0.001,-0.1,0.1,0.01,-0.01
-10834.172777,-0.001,-0.1,0.066,0.01,-0.044
-2210.211026,-0.001,-0.1,0.018,0.01,-0.092
-8497.053662,-0.001,-0.1,0.1,0.01,-0.01
-12965.56493,-0.001,-0.1,0.1,0.01,-0.01
-3463.526396,-0.001,-0.1,0.0,0.0,-0.1
-6645.988411,-0.001,-0.1,0.089,0.01,-0.021
-8238.20407,-0.001,-0.1,0.008,0.01,-0.102
-7641.463449,-0.001,-0.1,0.1,0.01,-0.01
5225.548655,0.001,0.1,0.1,0.01,0.19
-10672.43362,-0.001,-0.1,0.1,0.01,-0.01
2911.660192,0.001,0.1,0.012,0.01,0.102
-3615.108053,-0.001,-0.1,0.043,0.01,-0.067
-8734.188577,-0.001,-0.1,0.1,0.01,-0.01
-13313.394477,-0.001,-0.1,0.068,0.01,-0.042
-8712.699983,-0.001,-0.1,0.1,0.01,-0.01
-5093.916297,-0.001,-0.1,0.1,0.01,-0.01
-16984.58405,-0.001,-0.1,0.1,0.01,-0.01
-11963.238481,-0.001,-0.1,0.039,0.01,-0.071
-8732.754081,-0.001,-0.1,0.1,0.01,-0.01
-14006.518035,-0.001,-0.1,0.1,0.01,-0.01
-7550.165584,-0.001,-0.1,0.1,0.01,-0.01
-5825.176504,-0.001,-0.1,0.044,0.01,-0.066
-3061.263566,-0.001,-0.1,0.017,0.01,-0.093
-1547.259687,-0.001,-0.1,0.022,0.01,-0.088
-5424.10807,-0.001,-0.1,0.076,0.01,-0.034
-6820.468365,-0.001,-0.1,0.0,0.0,-0.1
-7423.376694,-0.001,-0.1,0.1,0.01,-0.01
-12721.061097,-0.001,-0.1,0.1,0.01,-0.01
-11797.930629,-0.001,-0.1,0.025,0.01,-0.085
-3176.322743,-0.001,-0.1,0.02,0.01,-0.09
-4860.189404,-0.001,-0.1,0.044,0.01,-0.066
-6377.974598,-0.001,-0.1,0.046,0.01,-0.064
-10962.491045,-0.001,-0.1,0.069,0.01,-0.041
-11005.81339,-0.001,-0.1,0.1,0.01,-0.01
-3930.867553,-0.001,-0.1,0.09,0.01,-0.02
35.636058,0.000112,0.011,0.097,0.01,0.099
-10331.783884,-0.001,-0.1,0.021,0.01,-0.089
-8552.015657,-0.001,-0.1,0.1,0.01,-0.01
-8324.905439,-0.001,-0.1,0.025,0.01,-0.085
-8575.297149,-0.001,-0.1,0.1,0.01,-0.01
9854.212789,0.001,0.1,0.1,0.01,0.19
-4960.718717,-0.001,-0.1,0.015,0.01,-0.095
-2206.296357,-0.001,-0.1,0.023,0.01,-0.087
-5675.881984,-0.001,-0.1,0.038,0.01,-0.072
-3728.226803,-0.001,-0.1,0.038,0.01,-0.072
-9823.835968,-0.001,-0.1,0.086,0.01,-0.024
-9548.406794,-0.001,-0.1,0.1,0.01,-0.01
-10783.625528,-0.001,-0.1,0.018,0.01,-0.092
-1155.438313,-0.001,-0.1,0.0,0.0,-0.1
0.0,0.0,0.0,0.0,0.0,0.0
-7427.1407,-0.001,-0.1,0.1,0.01,-0.01
-480.832689,-0.001,-0.1,0.1,0.01,-0.01
-17196.612362,-0.001,-0.1,0.1,0.01,-0.01
-14025.072027,-0.001,-0.1,0.075,0.01,-0.035
-11757.944978,-0.001,-0.1,0.092,0.01,-0.018
-10184.997229,-0.001,-0.1,0.1,0.01,-0.01
-1850.737845,-0.001,-0.1,0.056,0.01,-0.054
-11011.298609,-0.001,-0.1,0.1,0.01,-0.01
-7157.353268,-0.001,-0.1,0.047,0.01,-0.063
-8884.894831,-0.001,-0.1,0.088,0.01,-0.022
-4267.94126,-0.001,-0.1,0.013,0.01,-0.097
-4426.074286,-0.001,-0.1,0.039,0.01,-0.071
-7729.336309,-0.001,-0.1,0.067,0.01,-0.043
-6801.717668,-0.001,-0.1,0.032,0.01,-0.078
-310.635974,-0.000614,-0.061,0.0,0.0,-0.061
-835.77281,-0.001,-0.1,0.011,0.01,-0.099
-7536.248521,-0.001,-0.1,0.091,0.01,-0.019
-3429.65591,-0.001,-0.1,0.1,0.01,-0.01
-12216.471398,-0.001,-0.1,0.086,0.01,-0.024
-5486.518691,-0.001,-0.1,0.031,0.01,-0.079
-9073.439007,-0.001,-0.1,0.1,0.01,-0.01
-17940.352347,-0.001,-0.1,0.048,0.01,-0.062
-6141.961919,-0.001,-0.1,0.05,0.01,-0.06
-7278.631359,-0.001,-0.1,0.063,0.01,-0.047
-2900.222758,-0.001,-0.1,0.1,0.01,-0.01
-11052.111165,-0.001,-0.1,0.095,0.01,-0.015
-13550.421227,-0.001,-0.1,0.1,0.01,-0.01
-5816.688872,-0.001,-0.1,0.009,0.01,-0.101
-7687.698401,-0.001,-0.1,0.09,0.01,-0.02
-6144.713205,-0.001,-0.1,0.091,0.01,-0.019
-7953.920718,-0.001,-0.1,0.092,0.01,-0.018
-8383.254362,-0.001,-0.1,0.1,0.01,-0.01
4505.038296,0.001,0.1,0.1,0.01,0.19
-17608.116091,-0.001,-0.1,0.077,0.01,-0.033
-10207.62388,-0.001,-0.1,0.014,0.01,-0.096
-4929.236245,-0.001,-0.1,0.062,0.01,-0.048
-1383.377293,-0.001,-0.1,0.068,0.01,-0.042
-14030.804604,-0.001,-0.1,0.099,0.01,-0.011
-11522.118333,-0.001,-0.1,0.052,0.01,-0.058
-3866.890831,-0.001,-0.1,0.021,0.01,-0.089
-7943.28066,-0.001,-0.1,0.1,0.01,-0.01
-7681.123021,-0.001,-0.1,0.1,0.01,-0.01
-9584.007375,-0.001,-0.1,0.067,0.01,-0.043
-13545.352715,-0.001,-0.1,0.09,0.01,-0.02
-9772.829829,-0.001,-0.1,0.1,0.01,-0.01
-4544.88567,-0.001,-0.1,0.1,0.01,-0.01
-4708.696977,-0.001,-0.1,0.1,0.01,-0.01
-4595.617319,-0.001,-0.1,0.048,0.01,-0.062
-3459.691009,-0.001,-0.1,0.025,0.01,-0.085
-9672.192558,-0.001,-0.1,0.1,0.01,-0.01
6086.439285,0.001,0.1,0.1,0.01,0.19
-12583.815956,-0.001,-0.1,0.088,0.01,-0.022
-17460.256657,-0.001,-0.1,0.1,0.01,-0.01
-18041.126239,-0.001,-0.1,0.07,0.01,-0.04
-7043.322131,-0.001,-0.1,0.04,0.01,-0.07
-8880.216843,-0.001,-0.1,0.1,0.01,-0.01
-2228.275476,-0.001,-0.1,0.015,0.01,-0.095
-9118.216875,-0.001,-0.1,0.1,0.01,-0.01
-17126.417685,-0.001,-0.1,0.077,0.01,-0.033
-11795.91282,-0.001,-0.1,0.082,0.01,-0.028
-12622.689549,-0.001,-0.1,0.1,0.01,-0.01
-13581.58945,-0.001,-0.1,0.1,0.01,-0.01
-10634.08562,-0.001,-0.1,0.1,0.01,-0.01
-6557.814113,-0.001,-0.1,0.067,0.01,-0.043
-5621.535924,-0.001,-0.1,0.041,0.01,-0.069
-8857.543028,-0.001,-0.1,0.1,0.01,-0.01
-15861.293639,-0.001,-0.1,0.1,0.01,-0.01
-15786.438331,-0.001,-0.1,0.022,0.01,-0.088
-7793.073191,-0.001,-0.1,0.097,0.01,-0.013
-6486.012549,-0.001,-0.1,0.1,0.01,-0.01
3243.482744,0.001,0.1,0.1,0.01,0.19
-17162.253736,-0.001,-0.1,0.1,0.01,-0.01
-13602.289314,-0.001,-0.1,0.064,0.01,-0.046
-12263.199168,-0.001,-0.1,0.073,0.01,-0.037
-641.490033,-0.000631,-0.063,0.0,0.0,-0.063
-1195.699951,-0.001,-0.1,0.016,0.01,-0.094
-1391.33165,-0.001,-0.1,0.012,0.01,-0.098
-7457.133552,-0.001,-0.1,0.099,0.01,-0.011
-21646.976621,-0.001,-0.1,0.1,0.01,-0.01
-11159.845113,-0.001,-0.1,0.1,0.01,-0.01
-8662.520141,-0.001,-0.1,0.0,0.0,-0.1
-4138.555405,-0.001,-0.1,0.056,0.01,-0.054
-12429.998016,-0.001,-0.1,0.1,0.01,-0.01
-4568.891015,-0.001,-0.1,0.0,0.0,-0.1
-4482.610289,-0.001,-0.1,0.06,0.01,-0.05
-8633.370574,-0.001,-0.1,0.087,0.01,-0.023
-1348.952216,-0.001,-0.1,0.008,0.01,-0.102
-1025.883063,-0.000929,-0.093,0.008,0.01,-0.095
-2136.390667,-0.001,-0.1,0.031,0.01,-0.079
-8587.026775,-0.001,-0.1,0.1,0.01,-0.01
3476.041994,0.001,0.1,0.068,0.01,0.158
-7335.567611,-0.001,-0.1,0.025,0.01,-0.085
-176.094541,-0.000157,-0.016,0.0,0.0,-0.016
-1640.238064,-0.001,-0.1,0.022,0.01,-0.088
-9084.35496,-0.001,-0.1,0.1,0.01,-0.01
-7547.56734,-0.001,-0.1,0.02,0.01,-0.09
-9140.236011,-0.001,-0.1,0.1,0.01,-0.01
-10087.738104,-0.001,-0.1,0.1,0.01,-0.01
-12083.90799,-0.001,-0.1,0.1,0.01,-0.01
-4214.986036,-0.001,-0.1,0.1,0.01,-0.01
-19613.310839,-0.001,-0.1,0.095,0.01,-0.015
-14303.441327,-0.001,-0.1,0.1,0.01,-0.01
-8100.043629,-0.001,-0.1,0.099,0.01,-0.011
-5784.185183,-0.001,-0.1,0.026,0.01,-0.084
-10307.916439,-0.001,-0.1,0.1,0.01,-0.01
-10766.316913,-0.001,-0.1,0.066,0.01,-0.044
-9995.553917,-0.001,-0.1,0.073,0.01,-0.037
-7011.547113,-0.001,-0.1,0.089,0.01,-0.021
-4886.556698,-0.001,-0.1,0.016,0.01,-0.094
-7653.603485,-0.001,-0.1,0.093,0.01,-0.017
-6767.090569,-0.001,-0.1,0.1,0.01,-0.01
-11099.656132,-0.001,-0.1,0.059,0.01,-0.051
-11987.264397,-0.001,-0.1,0.1,0.01,-0.01
-5373.080277,-0.001,-0.1,0.1,0.01,-0.01
-17665.283681,-0.001,-0.1,0.1,0.01,-0.01
-17703.639645,-0.001,-0.1,0.079,0.01,-0.031
-7367.247578,-0.001,-0.1,0.096,0.01,-0.014
-14649.564912,-0.001,-0.1,0.1,0.01,-0.01
-7719.656923,-0.001,-0.1,0.071,0.01,-0.039
-12815.200176,-0.001,-0.1,0.1,0.01,-0.01
13197.041758,0.001,0.1,0.013,0.01,0.103
-8483.759085,-0.001,-0.1,0.1,0.01,-0.01
-16328.942479,-0.001,-0.1,0.076,0.01,-0.034
-14711.330741,-0.001,-0.1,0.098,0.01,-0.012
-1704.465454,-0.001,-0.1,0.0,0.0,-0.1
-1861.770462,-0.001,-0.1,0.025,0.01,-0.085
-7811.081352,-0.001,-0.1,0.1,0.01,-0.01
-3868.54345,-0.001,-0.1,0.1,0.01,-0.01
-1184.530518,-0.00083,-0.083,0.1,0.01,0.007
-14920.229492,-0.001,-0.1,0.1,0.01,-0.01
-7877.654894,-0.001,-0.1,0.033,0.01,-0.077
-1232.46292,-0.000849,-0.085,0.045,0.01,-0.05
-1028.37273,-0.000708,-0.071,0.04,0.01,-0.041
-8131.476195,-0.001,-0.1,0.1,0.01,-0.01
-4422.550319,-0.001,-0.1,0.1,0.01,-0.01
-7351.739082,-0.001,-0.1,0.0,0.0,-0.1
-4897.231057,-0.001,-0.1,0.065,0.01,-0.045
-6635.536018,-0.001,-0.1,0.042,0.01,-0.068
-7327.767498,-0.001,-0.1,0.1,0.01,-0.01
-8563.056178,-0.001,-0.1,0.0,0.0,-0.1
0.0,0.0,0.0,0.0,0.0,0.0
-7483.113843,-0.001,-0.1,0.1,0.01,-0.01
-11052.501108,-0.001,-0.1,0.067,0.01,-0.043
-10351.651729,-0.001,-0.1,0.096,0.01,-0.014
-12575.534497,-0.001,-0.1,0.062,0.01,-0.048
-11532.087581,-0.001,-0.1,0.023,0.01,-0.087
-7928.773438,-0.001,-0.1,0.1,0.01,-0.01
-19310.470735,-0.001,-0.1,0.056,0.01,-0.054
-9170.595292,-0.001,-0.1,0.078,0.01,-0.032
-13674.490412,-0.001,-0.1,0.096,0.01,-0.014
-8887.690822,-0.001,-0.1,0.0,0.0,-0.1
-4227.703517,-0.001,-0.1,0.056,0.01,-0.054
-5923.560376,-0.001,-0.1,0.046,0.01,-0.064
-5538.420184,-0.001,-0.1,0.028,0.01,-0.082
-9072.601868,-0.001,-0.1,0.086,0.01,-0.024
-14200.052479,-0.001,-0.1,0.063,0.01,-0.047
-4204.580491,-0.001,-0.1,0.0,0.0,-0.1
-4843.005117,-0.001,-0.1,0.065,0.01,-0.045
-12811.297077,-0.001,-0.1,0.1,0.01,-0.01
1580.068151,0.000946,0.095,0.03,0.01,0.114
-9579.150333,-0.001,-0.1,0.1,0.01,-0.01
-15313.385897,-0.001,-0.1,0.054,0.01,-0.056
-1704.375639,-0.001,-0.1,0.02,0.01,-0.09
-6395.931324,-0.001,-0.1,0.1,0.01,-0.01
-5165.203463,-0.001,-0.1,0.1,0.01,-0.01
1825.784918,0.001,0.1,0.01,0.01,0.1
-5125.999946,-0.001,-0.1,0.065,0.01,-0.045
-11582.992806,-0.001,-0.1,0.056,0.01,-0.054
-8322.420971,-0.001,-0.1,0.1,0.01,-0.01
-13141.213991,-0.001,-0.1,0.079,0.01,-0.031
-13418.434522,-0.001,-0.1,0.085,0.01,-0.025
-7067.384991,-0.001,-0.1,0.09,0.01,-0.02
-9822.307277,-0.001,-0.1,0.067,0.01,-0.043
-19067.133197,-0.001,-0.1,0.064,0.01,-0.046
-9001.259411,-0.001,-0.1,0.034,0.01,-0.076
-4822.195552,-0.001,-0.1,0.036,0.01,-0.074
-11528.834392,-0.001,-0.1,0.1,0.01,-0.01
-4332.390658,-0.001,-0.1,0.1,0.01,-0.01
7123.814218,0.001,0.1,0.1,0.01,0.19
2188.812951,0.001,0.1,0.1,0.01,0.19
-12994.094821,-0.001,-0.1,0.099,0.01,-0.011
-5306.289042,-0.001,-0.1,0.1,0.01,-0.01
7150.162717,0.001,0.1,0.1,0.01,0.19
-14841.51414,-0.001,-0.1,0.055,0.01,-0.055
-5813.33793,-0.001,-0.1,0.042,0.01,-0.068
-7158.379047,-0.001,-0.1,0.095,0.01,-0.015
-8191.71011,-0.001,-0.1,0.076,0.01,-0.034
-11970.581367,-0.001,-0.1,0.1,0.01,-0.01
-8253.832873,-0.001,-0.1,0.084,0.01,-0.026
-11930.280463,-0.001,-0.1,0.1,0.01,-0.01
-8749.798779,-0.001,-0.1,0.076,0.01,-0.034
-5842.900798,-0.001,-0.1,0.033,0.01,-0.077
-10214.912519,-0.001,-0.1,0.1,0.01,-0.01
597.888161,0.000312,0.031,0.031,0.01,0.052
-8174.652287,-0.001,-0.1,0.063,0.01,-0.047
-1836.581059,-0.000952,-0.095,0.072,0.01,-0.033
-4033.385494,-0.001,-0.1,0.1,0.01,-0.01
-755.691005,-0.000391,-0.039,0.1,0.01,0.051
-8174.860347,-0.001,-0.1,0.082,0.01,-0.028
-5231.559402,-0.001,-0.1,0.0,0.0,-0.1
-3697.184274,-0.001,-0.1,0.049,0.01,-0.061
-10440.959278,-0.001,-0.1,0.1,0.01,-0.01
-7530.596892,-0.001,-0.1,0.067,0.01,-0.043
-9919.391764,-0.001,-0.1,0.062,0.01,-0.048
-3389.463296,-0.001,-0.1,0.039,0.01,-0.071
-2997.050272,-0.001,-0.1,0.023,0.01,-0.087
-4561.729726,-0.001,-0.1,0.035,0.01,-0.075
-10761.99529,-0.001,-0.1,0.1,0.01,-0.01
1530.279455,0.000766,0.077,0.1,0.01,0.167
4049.106383,0.001,0.1,0.1,0.01,0.19
-6636.715183,-0.001,-0.1,0.064,0.01,-0.046
-6159.13653,-0.001,-0.1,0.075,0.01,-0.035
-13306.962213,-0.001,-0.1,0.1,0.01,-0.01
-12097.688371,-0.001,-0.1,0.045,0.01,-0.065
-8361.565248,-0.001,-0.1,0.1,0.01,-0.01
-5756.016983,-0.001,-0.1,0.012,0.01,-0.098
-4556.634502,-0.001,-0.1,0.054,0.01,-0.056
-1203.941729,-0.000587,-0.059,0.026,0.01,-0.043
-7526.711389,-0.001,-0.1,0.093,0.01,-0.017
-9604.32338,-0.001,-0.1,0.1,0.01,-0.01
-5472.847203,-0.001,-0.1,0.02,0.01,-0.09
-5137.654464,-0.001,-0.1,0.058,0.01,-0.052
-6881.072887,-0.001,-0.1,0.096,0.01,-0.014
-16227.417987,-0.001,-0.1,0.1,0.01,-0.01
-12249.325615,-0.001,-0.1,0.042,0.01,-0.068
-12398.70632,-0.001,-0.1,0.1,0.01,-0.01
-10426.382763,-0.001,-0.1,0.071,0.01,-0.039
-5618.067848,-0.001,-0.1,0.06,0.01,-0.05
-11445.410509,-0.001,-0.1,0.1,0.01,-0.01
1625.707376,0.000755,0.075,0.1,0.01,0.165
-10499.827735,-0.001,-0.1,0.064,0.01,-0.046
-5999.57665,-0.001,-0.1,0.041,0.01,-0.069
-3290.47451,-0.001,-0.1,0.0,0.0,-0.1
-6812.950096,-0.001,-0.1,0.091,0.01,-0.019
-2585.862844,-0.001,-0.1,0.1,0.01,-0.01
5056.11509,0.001,0.1,0.1,0.01,0.19
-2348.948895,-0.001,-0.1,0.046,0.01,-0.064
-1787.653342,-0.000819,-0.082,0.028,0.01,-0.063
-6307.253733,-0.001,-0.1,0.08,0.01,-0.03
-9046.489528,-0.001,-0.1,0.1,0.01,-0.01
-9369.593886,-0.001,-0.1,0.016,0.01,-0.094
-8320.674334,-0.001,-0.1,0.1,0.01,-0.01
-2531.302658,-0.001,-0.1,0.027,0.01,-0.083
-5515.018639,-0.001,-0.1,0.054,0.01,-0.056
-6854.014926,-0.001,-0.1,0.079,0.01,-0.031
-15420.758669,-0.001,-0.1,0.1,0.01,-0.01
-11774.14403,-0.001,-0.1,0.099,0.01,-0.011
-16635.843148,-0.001,-0.1,0.1,0.01,-0.01
-5068.881286,-0.001,-0.1,0.022,0.01,-0.088
-8188.597899,-0.001,-0.1,0.1,0.01,-0.01
-13261.377722,-0.001,-0.1,0.072,0.01,-0.038
-2820.895923,-0.001,-0.1,0.029,0.01,-0.081
-4431.145647,-0.001,-0.1,0.035,0.01,-0.075
-3195.019091,-0.001,-0.1,0.014,0.01,-0.096
-3532.5434,-0.001,-0.1,0.033,0.01,-0.077
-884.50176,-0.000382,-0.038,0.0,0.0,-0.038
-7520.614203,-0.001,-0.1,0.1,0.01,-0.01
-5241.588719,-0.001,-0.1,0.1,0.01,-0.01
-13193.21679,-0.001,-0.1,0.016,0.01,-0.094
-4275.190577,-0.001,-0.1,0.039,0.01,-0.071
-9868.08113,-0.001,-0.1,0.1,0.01,-0.01
-8054.486081,-0.001,-0.1,0.061,0.01,-0.049
-2081.498346,-0.00088,-0.088,0.047,0.01,-0.051
-11896.308992,-0.001,-0.1,0.1,0.01,-0.01
-5605.379381,-0.001,-0.1,0.019,0.01,-0.091
-2460.883677,-0.001,-0.1,0.02,0.01,-0.09
-7499.555977,-0.001,-0.1,0.1,0.01,-0.01
92.635023,3.9e-05,0.004,0.1,0.01,0.094
-11063.674974,-0.001,-0.1,0.1,0.01,-0.01
-10667.415129,-0.001,-0.1,0.097,0.01,-0.013
-8336.553433,-0.001,-0.1,0.1,0.01,-0.01
-9906.631025,-0.001,-0.1,0.1,0.01,-0.01
-20194.562824,-0.001,-0.1,0.1,0.01,-0.01
-6315.081469,-0.001,-0.1,0.01,0.01,-0.1
-8015.179972,-0.001,-0.1,0.097,0.01,-0.013
-15755.551063,-0.001,-0.1,0.1,0.01,-0.01
-9938.972744,-0.001,-0.1,0.092,0.01,-0.018
-5632.891297,-0.001,-0.1,0.027,0.01,-0.083
-7724.326808,-0.001,-0.1,0.084,0.01,-0.026
-11334.63186,-0.001,-0.1,0.1,0.01,-0.01
-3098.169722,-0.001,-0.1,0.026,0.01,-0.084
-6800.224005,-0.001,-0.1,0.073,0.01,-0.037
-4616.312498,-0.001,-0.1,0.037,0.01,-0.073
-4427.131213,-0.001,-0.1,0.07,0.01,-0.04
-7686.603154,-0.001,-0.1,0.1,0.01,-0.01
1691.649291,0.000665,0.067,0.054,0.01,0.111
-8178.875256,-0.001,-0.1,0.1,0.01,-0.01
-11443.836844,-0.001,-0.1,0.027,0.01,-0.083
-8657.16504,-0.001,-0.1,0.1,0.01,-0.01
1899.995833,0.00074,0.074,0.054,0.01,0.118
-8084.119334,-0.001,-0.1,0.1,0.01,-0.01
-1428.280835,-0.000554,-0.055,0.008,0.01,-0.057
-8218.335365,-0.001,-0.1,0.1,0.01,-0.01
-311.882973,-0.000121,-0.012,0.079,0.01,0.057
-12291.391884,-0.001,-0.1,0.082,0.01,-0.028
-2779.413951,-0.001,-0.1,0.024,0.01,-0.086
-8439.706272,-0.001,-0.1,0.099,0.01,-0.011
-14180.372466,-0.001,-0.1,0.1,0.01,-0.01
-14455.419096,-0.001,-0.1,0.0,0.0,-0.1
-5114.344588,-0.001,-0.1,0.068,0.01,-0.042
-6154.31538,-0.001,-0.1,0.01,0.01,-0.1
-7599.130941,-0.001,-0.1,0.1,0.01,-0.01
-8712.435879,-0.001,-0.1,0.082,0.01,-0.028
-12323.754239,-0.001,-0.1,0.037,0.01,-0.073
-12867.944936,-0.001,-0.1,0.1,0.01,-0.01
-6660.631152,-0.001,-0.1,0.1,0.01,-0.01
-7161.683633,-0.001,-0.1,0.059,0.01,-0.051
-14670.482252,-0.001,-0.1,0.087,0.01,-0.023
-15452.709351,-0.001,-0.1,0.068,0.01,-0.042
-5059.57959,-0.001,-0.1,0.016,0.01,-0.094
-4154.906626,-0.001,-0.1,0.031,0.01,-0.079
918.476756,0.000335,0.033,0.0,0.0,0.033
0.0,0.0,0.0,0.0,0.0,0.0
-7131.361825,-0.001,-0.1,0.094,0.01,-0.016
-10982.964775,-0.001,-0.1,0.085,0.01,-0.025
-9551.741579,-0.001,-0.1,0.044,0.01,-0.066
-11141.904501,-0.001,-0.1,0.1,0.01,-0.01
-14965.854271,-0.001,-0.1,0.061,0.01,-0.049
-10152.945993,-0.001,-0.1,0.1,0.01,-0.01
-6575.216289,-0.001,-0.1,0.029,0.01,-0.081
-2478.712178,-0.00088,-0.088,0.024,0.01,-0.074
-7889.589093,-0.001,-0.1,0.1,0.01,-0.01
5659.900962,0.001,0.1,0.1,0.01,0.19
-4372.156515,-0.001,-0.1,0.094,0.01,-0.016
-6239.633851,-0.001,-0.1,0.1,0.01,-0.01
-3357.236403,-0.001,-0.1,0.0,0.0,-0.1
-7537.870551,-0.001,-0.1,0.1,0.01,-0.01
596.845859,0.00021,0.021,0.029,0.01,0.04
-8826.031694,-0.001,-0.1,0.1,0.01,-0.01
-3754.129927,-0.001,-0.1,0.062,0.01,-0.048
-9056.660614,-0.001,-0.1,0.076,0.01,-0.034
1666.146585,0.000583,0.058,0.032,0.01,0.08
-11979.124791,-0.001,-0.1,0.1,0.01,-0.01
-10687.620014,-0.001,-0.1,0.058,0.01,-0.052
-1253.51596,-0.000435,-0.043,0.015,0.01,-0.038
-8618.175658,-0.001,-0.1,0.097,0.01,-0.013
-15373.43966,-0.001,-0.1,0.05,0.01,-0.06
-6122.935928,-0.001,-0.1,0.079,0.01,-0.031
-8071.803574,-0.001,-0.1,0.017,0.01,-0.093
-8887.192596,-0.001,-0.1,0.094,0.01,-0.016
-18053.772412,-0.001,-0.1,0.065,0.01,-0.045
-12398.004279,-0.001,-0.1,0.068,0.01,-0.042
-18075.479201,-0.001,-0.1,0.1,0.01,-0.01
1360.511258,0.000457,0.046,0.1,0.01,0.136
-10514.711215,-0.001,-0.1,0.024,0.01,-0.086
-2979.945717,-0.000996,-0.1,0.047,0.01,-0.062
-7490.606157,-0.001,-0.1,0.069,0.01,-0.041
-3667.752289,-0.001,-0.1,0.077,0.01,-0.033
-16896.844837,-0.001,-0.1,0.1,0.01,-0.01
-3259.446943,-0.001,-0.1,0.09,0.01,-0.02
-4300.477247,-0.001,-0.1,0.0,0.0,-0.1
-7584.332403,-0.001,-0.1,0.1,0.01,-0.01
-11448.659722,-0.001,-0.1,0.082,0.01,-0.028
884.496542,0.00029,0.029,0.047,0.01,0.066
-9723.999503,-0.001,-0.1,0.1,0.01,-0.01
-6015.695842,-0.001,-0.1,0.1,0.01,-0.01
-4892.108508,-0.001,-0.1,0.043,0.01,-0.067
-2939.87355,-0.000958,-0.096,0.0,0.0,-0.096
-7558.581412,-0.001,-0.1,0.1,0.01,-0.01
-7623.327049,-0.001,-0.1,0.0,0.0,-0.1
-3833.143788,-0.001,-0.1,0.051,0.01,-0.059
-9942.117907,-0.001,-0.1,0.1,0.01,-0.01
-5027.430274,-0.001,-0.1,0.064,0.01,-0.046
-13886.081225,-0.001,-0.1,0.1,0.01,-0.01
-15116.142429,-0.001,-0.1,0.1,0.01,-0.01
-8607.202767,-0.001,-0.1,0.012,0.01,-0.098
-7264.166018,-0.001,-0.1,0.095,0.01,-0.015
-7018.181416,-0.001,-0.1,0.023,0.01,-0.087
-7483.789558,-0.001,-0.1,0.1,0.01,-0.01
-9764.529393,-0.001,-0.1,0.1,0.01,-0.01
-12150.250132,-0.001,-0.1,0.015,0.01,-0.095
-7762.302152,-0.001,-0.1,0.073,0.01,-0.037
-10413.463041,-0.001,-0.1,0.091,0.01,-0.019
-8898.525652,-0.001,-0.1,0.1,0.01,-0.01
1073.503104,0.000334,0.033,0.1,0.01,0.123
-563.652505,-0.000176,-0.018,0.1,0.01,0.072
-13646.77822,-0.001,-0.1,0.1,0.01,-0.01
-12591.074406,-0.001,-0.1,0.06,0.01,-0.05
-7890.937408,-0.001,-0.1,0.035,0.01,-0.075
-2676.559141,-0.000824,-0.082,0.0,0.0,-0.082
-3378.021382,-0.001,-0.1,0.045,0.01,-0.065
-8261.3038,-0.001,-0.1,0.072,0.01,-0.038
-2815.132885,-0.000863,-0.086,0.1,0.01,0.004
-4912.157371,-0.001,-0.1,0.1,0.01,-0.01
-642.766858,-0.000197,-0.02,0.033,0.01,0.003
-6462.03264,-0.001,-0.1,0.1,0.01,-0.01
-7153.153948,-0.001,-0.1,0.012,0.01,-0.098
-7775.804116,-0.001,-0.1,0.1,0.01,-0.01
-10975.263597,-0.001,-0.1,0.1,0.01,-0.01
-21363.208783,-0.001,-0.1,0.012,0.01,-0.098
-2849.156737,-0.000857,-0.086,0.039,0.01,-0.057
-9745.421859,-0.001,-0.1,0.1,0.01,-0.01
-6545.991881,-0.001,-0.1,0.084,0.01,-0.026
-10983.408345,-0.001,-0.1,0.0,0.0,-0.1
-1205.251844,-0.000359,-0.036,0.016,0.01,-0.03
-1410.152204,-0.00042,-0.042,0.0,0.0,-0.042
-7303.036337,-0.001,-0.1,0.097,0.01,-0.013
-2721.855713,-0.000809,-0.081,0.013,0.01,-0.078
-8895.56967,-0.001,-0.1,0.1,0.01,-0.01
-8442.930575,-0.001,-0.1,0.1,0.01,-0.01
-11173.558956,-0.001,-0.1,0.023,0.01,-0.087
-8689.979837,-0.001,-0.1,0.1,0.01,-0.01
-14467.218925,-0.001,-0.1,0.027,0.01,-0.083
-8989.649252,-0.001,-0.1,0.1,0.01,-0.01
-4327.881598,-0.001,-0.1,0.1,0.01,-0.01
7646.980121,0.001,0.1,0.1,0.01,0.19
-6824.860417,-0.001,-0.1,0.06,0.01,-0.05
-6664.303162,-0.001,-0.1,0.09,0.01,-0.02
-8436.134639,-0.001,-0.1,0.063,0.01,-0.047
-7714.017415,-0.001,-0.1,0.097,0.01,-0.013
-5647.059954,-0.001,-0.1,0.1,0.01,-0.01
-1663.119318,-0.000481,-0.048,0.017,0.01,-0.041
-5038.38039,-0.001,-0.1,0.034,0.01,-0.076
-3436.844175,-0.000991,-0.099,0.055,0.01,-0.055
-8732.300168,-0.001,-0.1,0.1,0.01,-0.01
-7279.011851,-0.001,-0.1,0.073,0.01,-0.037
-13005.350699,-0.001,-0.1,0.1,0.01,-0.01
-8830.748478,-0.001,-0.1,0.011,0.01,-0.099
-1964.310076,-0.00056,-0.056,0.012,0.01,-0.054
-8159.717845,-0.001,-0.1,0.1,0.01,-0.01
-9170.128377,-0.001,-0.1,0.0,0.0,-0.1
-4912.070215,-0.001,-0.1,0.065,0.01,-0.045
-8664.774737,-0.001,-0.1,0.07,0.01,-0.04
-11827.057226,-0.001,-0.1,0.1,0.01,-0.01
-17045.818162,-0.001,-0.1,0.1,0.01,-0.01
-2114.05047,-0.000592,-0.059,0.0,0.0,-0.059
-2626.611802,-0.000735,-0.074,0.035,0.01,-0.049
-10135.37207,-0.001,-0.1,0.1,0.01,-0.01
-7610.512939,-0.001,-0.1,0.1,0.01,-0.01
-9213.948975,-0.001,-0.1,0.063,0.01,-0.047
-3567.029736,-0.00099,-0.099,0.037,0.01,-0.072
-12442.159091,-0.001,-0.1,0.1,0.01,-0.01
-7713.767184,-0.001,-0.1,0.0,0.0,-0.1
-3488.049427,-0.000962,-0.096,0.047,0.01,-0.06
-11130.371591,-0.001,-0.1,0.1,0.01,-0.01
-10666.394573,-0.001,-0.1,0.025,0.01,-0.085
1014.344223,0.000278,0.028,0.0,0.0,0.028
-5061.826958,-0.001,-0.1,0.068,0.01,-0.042
-7102.464323,-0.001,-0.1,0.048,0.01,-0.062
-10466.136707,-0.001,-0.1,0.1,0.01,-0.01
-15636.517993,-0.001,-0.1,0.083,0.01,-0.027
-4062.43239,-0.001,-0.1,0.034,0.01,-0.076
-7330.666702,-0.001,-0.1,0.037,0.01,-0.073
-9419.756948,-0.001,-0.1,0.1,0.01,-0.01
-16406.383708,-0.001,-0.1,0.073,0.01,-0.037
-13407.70427,-0.001,-0.1,0.1,0.01,-0.01
-12590.975658,-0.001,-0.1,0.099,0.01,-0.011
-8115.593683,-0.001,-0.1,0.1,0.01,-0.01
1905.82082,0.000508,0.051,0.1,0.01,0.141
-17385.114818,-0.001,-0.1,0.1,0.01,-0.01
-10157.382913,-0.001,-0.1,0.031,0.01,-0.079
-4337.667868,-0.001,-0.1,0.055,0.01,-0.055
-309.703429,-8.2e-05,-0.008,0.009,0.01,-0.009
-4422.482648,-0.001,-0.1,0.057,0.01,-0.053
-6213.185154,-0.001,-0.1,0.1,0.01,-0.01
-22055.388407,-0.001,-0.1,0.065,0.01,-0.045
-13204.84539,-0.001,-0.1,0.1,0.01,-0.01
-11826.812005,-0.001,-0.1,0.054,0.01,-0.056
-9563.72059,-0.001,-0.1,0.1,0.01,-0.01
-8490.846716,-0.001,-0.1,0.072,0.01,-0.038
-7880.313634,-0.001,-0.1,0.029,0.01,-0.081
-3364.953231,-0.000869,-0.087,0.028,0.01,-0.069
-9015.441302,-0.001,-0.1,0.1,0.01,-0.01
-4567.808081,-0.001,-0.1,0.073,0.01,-0.037
-6095.698174,-0.001,-0.1,0.046,0.01,-0.064
-9494.521274,-0.001,-0.1,0.087,0.01,-0.023
-4674.572508,-0.001,-0.1,0.029,0.01,-0.081
-5169.055697,-0.001,-0.1,0.041,0.01,-0.069
-2694.833024,-0.000688,-0.069,0.021,0.01,-0.058
-8868.715562,-0.001,-0.1,0.1,0.01,-0.01
-14458.884657,-0.001,-0.1,0.1,0.01,-0.01
-10755.389753,-0.001,-0.1,0.059,0.01,-0.051
-12865.354902,-0.001,-0.1,0.052,0.01,-0.058
-10479.682155,-0.001,-0.1,0.075,0.01,-0.035
-10915.241516,-0.001,-0.1,0.08,0.01,-0.03
794.039813,0.000199,0.02,0.0,0.0,0.02
-7450.868162,-0.001,-0.1,0.1,0.01,-0.01
-2272.175088,-0.000569,-0.057,0.1,0.01,0.033
-16980.903664,-0.001,-0.1,0.095,0.01,-0.015
-3324.062305,-0.000828,-0.083,0.1,0.01,0.007
-7244.638494,-0.001,-0.1,0.055,0.01,-0.055
-9926.209399,-0.001,-0.1,0.097,0.01,-0.013
-4199.359718,-0.001,-0.1,0.1,0.01,-0.01
-6620.24898,-0.001,-0.1,0.044,0.01,-0.066
-8666.702605,-0.001,-0.1,0.094,0.01,-0.016
-2251.707604,-0.000556,-0.056,0.02,0.01,-0.046
-6235.782805,-0.001,-0.1,0.1,0.01,-0.01
-8928.206736,-0.001,-0.1,0.038,0.01,-0.072
-7853.876915,-0.001,-0.1,0.1,0.01,-0.01
255.437304,6.3e-05,0.006,0.029,0.01,0.025
-3673.725514,-0.000901,-0.09,0.052,0.01,-0.048
-7388.503271,-0.001,-0.1,0.076,0.01,-0.034
-10335.918025,-0.001,-0.1,0.067,0.01,-0.043
-12849.500318,-0.001,-0.1,0.1,0.01,-0.01
-22834.010072,-0.001,-0.1,0.089,0.01,-0.021
-5395.208248,-0.001,-0.1,0.024,0.01,-0.086
-6570.190109,-0.001,-0.1,0.068,0.01,-0.042
-12388.02425,-0.001,-0.1,0.1,0.01,-0.01
-4598.5277,-0.001,-0.1,0.052,0.01,-0.058
-7883.641589,-0.001,-0.1,0.1,0.01,-0.01
-13910.134416,-0.001,-0.1,0.063,0.01,-0.047
-9960.02766,-0.001,-0.1,0.089,0.01,-0.021
-9732.105678,-0.001,-0.1,0.1,0.01,-0.01
2373.645218,0.000565,0.057,0.1,0.01,0.147
-3305.357816,-0.000786,-0.079,0.0,0.0,-0.079
-4491.675284,-0.001,-0.1,0.06,0.01,-0.05
-8912.076677,-0.001,-0.1,0.1,0.01,-0.01
-1339.191853,-0.000318,-0.032,0.1,0.01,0.058
-14280.271297,-0.001,-0.1,0.06,0.01,-0.05
-11728.239032,-0.001,-0.1,0.1,0.01,-0.01
-14260.927937,-0.001,-0.1,0.1,0.01,-0.01
-5741.981848,-0.001,-0.1,0.061,0.01,-0.049
-2374.265896,-0.000557,-0.056,0.029,0.01,-0.037
-10034.877289,-0.001,-0.1,0.099,0.01,-0.011
-16688.263988,-0.001,-0.1,0.069,0.01,-0.041
-3348.911042,-0.00078,-0.078,0.018,0.01,-0.07
-7437.209503,-0.001,-0.1,0.065,0.01,-0.045
-6101.908236,-0.001,-0.1,0.072,0.01,-0.038
-15481.55346,-0.001,-0.1,0.1,0.01,-0.01
3876.961458,0.000897,0.09,0.0,0.0,0.09
-819.858122,-0.00019,-0.019,0.011,0.01,-0.018
-4968.296872,-0.001,-0.1,0.055,0.01,-0.055
-5623.198727,-0.001,-0.1,0.041,0.01,-0.069
-2616.107014,-0.000603,-0.06,0.0,0.0,-0.06
-7111.32651,-0.001,-0.1,0.095,0.01,-0.015
1826.416127,0.000421,0.042,0.067,0.01,0.099
-3520.484043,-0.00081,-0.081,0.008,0.01,-0.083
-7826.795967,-0.001,-0.1,0.1,0.01,-0.01
-13062.347234,-0.001,-0.1,0.06,0.01,-0.05
-7258.667384,-0.001,-0.1,0.038,0.01,-0.072
-7446.492207,-0.001,-0.1,0.08,0.01,-0.03
-14595.570438,-0.001,-0.1,0.1,0.01,-0.01
-2348.456063,-0.000534,-0.053,0.1,0.01,0.037
-16488.911225,-0.001,-0.1,0.028,0.01,-0.082
-4679.960007,-0.001,-0.1,0.069,0.01,-0.041
-450.484685,-0.000102,-0.01,0.033,0.01,0.013
-10013.935316,-0.001,-0.1,0.1,0.01,-0.01
-17450.601826,-0.001,-0.1,0.1,0.01,-0.01
-11872.112681,-0.001,-0.1,0.1,0.01,-0.01
-9406.758595,-0.001,-0.1,0.062,0.01,-0.048
-2871.572169,-0.000642,-0.064,0.042,0.01,-0.032
-6033.642766,-0.001,-0.1,0.1,0.01,-0.01
-4605.941566,-0.001,-0.1,0.096,0.01,-0.014
-5590.01346,-0.001,-0.1,0.0,0.0,-0.1
-6482.401174,-0.001,-0.1,0.086,0.01,-0.024
-3684.336103,-0.000819,-0.082,0.05,0.01,-0.042
-14099.572064,-0.001,-0.1,0.1,0.01,-0.01
-7094.216464,-0.001,-0.1,0.083,0.01,-0.027
-8605.781766,-0.001,-0.1,0.056,0.01,-0.054
-3284.579009,-0.000725,-0.073,0.055,0.01,-0.028
808.963592,0.000179,0.018,0.0,0.0,0.018
-4688.902309,-0.001,-0.1,0.063,0.01,-0.047
-5396.532251,-0.001,-0.1,0.1,0.01,-0.01
-13754.411613,-0.001,-0.1,0.1,0.01,-0.01
7493.17046,0.001,0.1,0.1,0.01,0.19
1223.188244,0.000269,0.027,0.1,0.01,0.117
-11082.65806,-0.001,-0.1,0.1,0.01,-0.01
-21224.064089,-0.001,-0.1,0.038,0.01,-0.072
-7350.661587,-0.001,-0.1,0.072,0.01,-0.038
-8907.546526,-0.001,-0.1,0.083,0.01,-0.027
-1250.793764,-0.000272,-0.027,0.0,0.0,-0.027
-4498.438951,-0.000978,-0.098,0.06,0.01,-0.048
-13236.811351,-0.001,-0.1,0.092,0.01,-0.018
-10803.487353,-0.001,-0.1,0.1,0.01,-0.01
-4273.73352,-0.000924,-0.092,0.064,0.01,-0.038
-1127.388081,-0.000244,-0.024,0.082,0.01,0.048
-4655.879111,-0.001,-0.1,0.011,0.01,-0.099
-8010.102683,-0.001,-0.1,0.1,0.01,-0.01
-6757.658404,-0.001,-0.1,0.025,0.01,-0.085
-8492.894866,-0.001,-0.1,0.1,0.01,-0.01
-12255.783431,-0.001,-0.1,0.088,0.01,-0.022
-9335.540377,-0.001,-0.1,0.1,0.01,-0.01
-9805.583782,-0.001,-0.1,0.028,0.01,-0.082
-8917.732455,-0.001,-0.1,0.1,0.01,-0.01
-12347.845744,-0.001,-0.1,0.063,0.01,-0.047
-7591.136367,-0.001,-0.1,0.09,0.01,-0.02
-6613.431096,-0.001,-0.1,0.035,0.01,-0.075
-4463.085714,-0.000944,-0.094,0.03,0.01,-0.074
-7551.389017,-0.001,-0.1,0.05,0.01,-0.06
1379.176514,0.000291,0.029,0.037,0.01,0.056
-7469.661577,-0.001,-0.1,0.048,0.01,-0.062
-1116.097241,-0.000235,-0.024,0.023,0.01,-0.011
-9491.526289,-0.001,-0.1,0.081,0.01,-0.029
-6963.562083,-0.001,-0.1,0.058,0.01,-0.052
-5010.032865,-0.001,-0.1,0.014,0.01,-0.096
-1326.31165,-0.000278,-0.028,0.022,0.01,-0.016
-6651.9291,-0.001,-0.1,0.086,0.01,-0.024
-6941.405822,-0.001,-0.1,0.1,0.01,-0.01
-17592.996822,-0.001,-0.1,0.053,0.01,-0.057
-12567.228366,-0.001,-0.1,0.1,0.01,-0.01
-2782.029828,-0.000578,-0.058,0.055,0.01,-0.012
-4735.769474,-0.000983,-0.098,0.0,0.0,-0.098
-1987.727792,-0.000413,-0.041,0.027,0.01,-0.025
-6720.559168,-0.001,-0.1,0.063,0.01,-0.047
-12121.690221,-0.001,-0.1,0.1,0.01,-0.01
-14295.125087,-0.001,-0.1,0.044,0.01,-0.066
-9237.602965,-0.001,-0.1,0.074,0.01,-0.036
-10707.332723,-0.001,-0.1,0.083,0.01,-0.027
-13079.006617,-0.001,-0.1,0.1,0.01,-0.01
-9334.344568,-0.001,-0.1,0.011,0.01,-0.099
-8264.74477,-0.001,-0.1,0.1,0.01,-0.01
-1792.301704,-0.000366,-0.037,0.1,0.01,0.053
-6666.314675,-0.001,-0.1,0.1,0.01,-0.01
5372.076166,0.001,0.1,0.1,0.01,0.19
-8024.367842,-0.001,-0.1,0.0,0.0,-0.1
-7457.309905,-0.001,-0.1,0.1,0.01,-0.01
-1538.409682,-0.000313,-0.031,0.1,0.01,0.059
-8854.439091,-0.001,-0.1,0.074,0.01,-0.036
-5977.349004,-0.001,-0.1,0.093,0.01,-0.017
-3145.130857,-0.000637,-0.064,0.037,0.01,-0.036
-3149.234044,-0.000637,-0.064,0.022,0.01,-0.052
-2136.458518,-0.000432,-0.043,0.022,0.01,-0.031
-8265.849368,-0.001,-0.1,0.081,0.01,-0.029
-8643.189615,-0.001,-0.1,0.1,0.01,-0.01
-19343.751811,-0.001,-0.1,0.099,0.01,-0.011
-17473.441762,-0.001,-0.1,0.066,0.01,-0.044
-12670.388328,-0.001,-0.1,0.1,0.01,-0.01
-2953.212201,-0.000589,-0.059,0.059,0.01,-0.01
-15428.124382,-0.001,-0.1,0.1,0.01,-0.01
10320.438391,0.001,0.1,0.1,0.01,0.19
-19135.036275,-0.001,-0.1,0.078,0.01,-0.032
-9089.926859,-0.001,-0.1,0.059,0.01,-0.051
-4344.579451,-0.00086,-0.086,0.015,0.01,-0.081
-8577.898477,-0.001,-0.1,0.1,0.01,-0.01
-12541.336758,-0.001,-0.1,0.075,0.01,-0.035
-6343.609229,-0.001,-0.1,0.037,0.01,-0.073
-3156.289931,-0.000621,-0.062,0.045,0.01,-0.027
-8277.878606,-0.001,-0.1,0.085,0.01,-0.025
-11010.498591,-0.001,-0.1,0.1,0.01,-0.01
-10597.994887,-0.001,-0.1,0.1,0.01,-0.01
-7057.708078,-0.001,-0.1,0.024,0.01,-0.086
-3212.323724,-0.000627,-0.063,0.022,0.01,-0.051
-9802.092904,-0.001,-0.1,0.092,0.01,-0.018
-10733.689863,-0.001,-0.1,0.0,0.0,-0.1
-3984.853266,-0.000774,-0.077,0.054,0.01,-0.034
-9630.53561,-0.001,-0.1,0.1,0.01,-0.01
-9003.698519,-0.001,-0.1,0.042,0.01,-0.068
-9561.878899,-0.001,-0.1,0.1,0.01,-0.01
-10655.518438,-0.001,-0.1,0.1,0.01,-0.01
-6930.102854,-0.001,-0.1,0.063,0.01,-0.047
-3268.854793,-0.000629,-0.063,0.035,0.01,-0.038
-2656.016653,-0.000511,-0.051,0.017,0.01,-0.044
-9084.298141,-0.001,-0.1,0.1,0.01,-0.01
-8945.817952,-0.001,-0.1,0.027,0.01,-0.083
-8889.427368,-0.001,-0.1,0.072,0.01,-0.038
-7307.364017,-0.001,-0.1,0.1,0.01,-0.01
-8169.422827,-0.001,-0.1,0.012,0.01,-0.098
-5335.509361,-0.001,-0.1,0.062,0.01,-0.048
-7845.739454,-0.001,-0.1,0.024,0.01,-0.086
-6645.836516,-0.001,-0.1,0.1,0.01,-0.01
-16054.763293,-0.001,-0.1,0.082,0.01,-0.028
-923.469555,-0.000175,-0.017,0.058,0.01,0.031
-6578.211597,-0.001,-0.1,0.0,0.0,-0.1
-7416.686466,-0.001,-0.1,0.1,0.01,-0.01
-4813.975899,-0.000909,-0.091,0.0,0.0,-0.091
-7415.773892,-0.001,-0.1,0.1,0.01,-0.01
-5611.441214,-0.001,-0.1,0.057,0.01,-0.053
-10787.759445,-0.001,-0.1,0.1,0.01,-0.01
-16068.374002,-0.001,-0.1,0.1,0.01,-0.01
-15341.355508,-0.001,-0.1,0.1,0.01,-0.01
307.03859,5.7e-05,0.006,0.023,0.01,0.019
-3806.053055,-0.000711,-0.071,0.022,0.01,-0.059
-3193.486078,-0.000596,-0.06,0.009,0.01,-0.061
-2599.285873,-0.000485,-0.048,0.024,0.01,-0.035
-6655.042245,-0.001,-0.1,0.091,0.01,-0.019
-16093.604169,-0.001,-0.1,0.1,0.01,-0.01
1875.931304,0.000349,0.035,0.083,0.01,0.108
-13504.764008,-0.001,-0.1,0.1,0.01,-0.01
-6642.83547,-0.001,-0.1,0.035,0.01,-0.075
-2253.220795,-0.000417,-0.042,0.027,0.01,-0.025
-7404.131272,-0.001,-0.1,0.095,0.01,-0.015
-14737.302904,-0.001,-0.1,0.1,0.01,-0.01
-12500.194402,-0.001,-0.1,0.094,0.01,-0.016
-23977.006758,-0.001,-0.1,0.1,0.01,-0.01
-7693.157831,-0.001,-0.1,0.031,0.01,-0.079
-6350.513299,-0.001,-0.1,0.089,0.01,-0.021
-12211.191913,-0.001,-0.1,0.064,0.01,-0.046
-10471.18586,-0.001,-0.1,0.1,0.01,-0.01
1800.704327,0.000328,0.033,0.027,0.01,0.05
-7316.771777,-0.001,-0.1,0.092,0.01,-0.018
-20236.289042,-0.001,-0.1,0.1,0.01,-0.01
-2049.306444,-0.000371,-0.037,0.008,0.01,-0.039
-621.966063,-0.000113,-0.011,0.0,0.0,-0.011
-7441.76268,-0.001,-0.1,0.1,0.01,-0.01
4823.405136,0.000872,0.087,0.1,0.01,0.177
-9329.217465,-0.001,-0.1,0.1,0.01,-0.01
-3019.462071,-0.000545,-0.054,0.079,0.01,0.014
-7586.865284,-0.001,-0.1,0.088,0.01,-0.022
-5006.551952,-0.000901,-0.09,0.023,0.01,-0.077
-1241.577923,-0.000223,-0.022,0.0,0.0,-0.022
-7438.736969,-0.001,-0.1,0.1,0.01,-0.01
-7727.812666,-0.001,-0.1,0.049,0.01,-0.061
-6187.151222,-0.001,-0.1,0.094,0.01,-0.016
-13879.068147,-0.001,-0.1,0.1,0.01,-0.01
-10637.215731,-0.001,-0.1,0.036,0.01,-0.074
-5418.004206,-0.000966,-0.097,0.036,0.01,-0.071
-3685.165349,-0.000657,-0.066,0.0,0.0,-0.066
-7455.905861,-0.001,-0.1,0.1,0.01,-0.01
-3612.971123,-0.000643,-0.064,0.012,0.01,-0.062
-1396.655245,-0.000248,-0.025,0.01,0.01,-0.025
-584.770438,-0.000104,-0.01,0.012,0.01,-0.008
-5525.781961,-0.000981,-0.098,0.07,0.01,-0.039
-7808.152582,-0.001,-0.1,0.049,0.01,-0.061
-9214.033776,-0.001,-0.1,0.1,0.01,-0.01
-1505.200416,-0.000266,-0.027,0.039,0.01,0.002
-5206.78781,-0.000921,-0.092,0.016,0.01,-0.086
-6053.825139,-0.001,-0.1,0.059,0.01,-0.051
-3719.311721,-0.000657,-0.066,0.009,0.01,-0.067
-8194.777162,-0.001,-0.1,0.1,0.01,-0.01
-10802.107398,-0.001,-0.1,0.077,0.01,-0.033
-9005.064341,-0.001,-0.1,0.068,0.01,-0.042
-7663.316426,-0.001,-0.1,0.1,0.01,-0.01
-7277.013375,-0.001,-0.1,0.065,0.01,-0.045
-5689.532596,-0.000996,-0.1,0.029,0.01,-0.081
-6407.522441,-0.001,-0.1,0.076,0.01,-0.034
-11275.326853,-0.001,-0.1,0.079,0.01,-0.031
-12567.104864,-0.001,-0.1,0.1,0.01,-0.01
-13508.941947,-0.001,-0.1,0.1,0.01,-0.01
-14464.868186,-0.001,-0.1,0.096,0.01,-0.014
-13170.654864,-0.001,-0.1,0.033,0.01,-0.077
-10522.185118,-0.001,-0.1,0.1,0.01,-0.01
-11293.130718,-0.001,-0.1,0.073,0.01,-0.037
-6286.71712,-0.001,-0.1,0.015,0.01,-0.095
-5420.100646,-0.000932,-0.093,0.049,0.01,-0.055
-7682.353986,-0.001,-0.1,0.077,0.01,-0.033
-1845.399636,-0.000317,-0.032,0.026,0.01,-0.015
-8129.741066,-0.001,-0.1,0.066,0.01,-0.044
-9834.80931,-0.001,-0.1,0.1,0.01,-0.01
-1239.348053,-0.000212,-0.021,0.009,0.01,-0.022
-3717.130669,-0.000635,-0.064,0.044,0.01,-0.029
-7843.363207,-0.001,-0.1,0.044,0.01,-0.066
-10797.19447,-0.001,-0.1,0.1,0.01,-0.01
-4055.732173,-0.000691,-0.069,0.081,0.01,0.002
3751.748531,0.000639,0.064,0.02,0.01,0.074
-4902.432035,-0.000835,-0.083,0.047,0.01,-0.046
-2555.982452,-0.000435,-0.043,0.017,0.01,-0.037
-3443.169051,-0.000586,-0.059,0.051,0.01,-0.018
-1708.220033,-0.00029,-0.029,0.042,0.01,0.003
-4727.108942,-0.000803,-0.08,0.02,0.01,-0.07
-1420.534447,-0.000241,-0.024,0.0,0.0,-0.024
-5785.800085,-0.000982,-0.098,0.077,0.01,-0.031
-5451.866383,-0.000924,-0.092,0.091,0.01,-0.012
-2627.691355,-0.000445,-0.045,0.03,0.01,-0.024
-10489.508283,-0.001,-0.1,0.1,0.01,-0.01
3823.633638,0.000647,0.065,0.1,0.01,0.155
-7113.943288,-0.001,-0.1,0.031,0.01,-0.079
-6544.677708,-0.001,-0.1,0.062,0.01,-0.048
-5743.571174,-0.000969,-0.097,0.1,0.01,-0.007
-5522.897643,-0.000931,-0.093,0.074,0.01,-0.029
-6352.330218,-0.001,-0.1,0.084,0.01,-0.026
-10769.881047,-0.001,-0.1,0.1,0.01,-0.01
-7226.166812,-0.001,-0.1,0.033,0.01,-0.077
-8023.350443,-0.001,-0.1,0.1,0.01,-0.01
-5598.86151,-0.000938,-0.094,0.1,0.01,-0.004
1904.88416,0.000319,0.032,0.1,0.01,0.122
-6731.656362,-0.001,-0.1,0.034,0.01,-0.076
-10043.035822,-0.001,-0.1,0.1,0.01,-0.01
-13914.158214,-0.001,-0.1,0.1,0.01,-0.01
12246.780077,0.001,0.1,0.1,0.01,0.19
-14473.068496,-0.001,-0.1,0.084,0.01,-0.026
-9458.225725,-0.001,-0.1,0.1,0.01,-0.01
-15587.624581,-0.001,-0.1,0.1,0.01,-0.01
-3912.726931,-0.000649,-0.065,0.023,0.01,-0.052
-5475.5074,-0.000907,-0.091,0.068,0.01,-0.033
-14883.62932,-0.001,-0.1,0.1,0.01,-0.01
-16215.732982,-0.001,-0.1,0.055,0.01,-0.055
-10094.382378,-0.001,-0.1,0.077,0.01,-0.033
-11858.630197,-0.001,-0.1,0.064,0.01,-0.046
-5899.639995,-0.000968,-0.097,0.016,0.01,-0.091
-6237.273531,-0.001,-0.1,0.079,0.01,-0.031
-13905.393242,-0.001,-0.1,0.1,0.01,-0.01
-8279.028607,-0.001,-0.1,0.057,0.01,-0.053
-14679.386956,-0.001,-0.1,0.1,0.01,-0.01
-19866.371715,-0.001,-0.1,0.095,0.01,-0.015
2812.135774,0.000457,0.046,0.013,0.01,0.049
-3431.589925,-0.000557,-0.056,0.042,0.01,-0.023
-3587.083479,-0.000582,-0.058,0.031,0.01,-0.038
-1089.909598,-0.000177,-0.018,0.0,0.0,-0.018
-4621.541221,-0.000749,-0.075,0.062,0.01,-0.023
-7426.312341,-0.001,-0.1,0.085,0.01,-0.025
-3244.092569,-0.000525,-0.053,0.1,0.01,0.037
-13421.717606,-0.001,-0.1,0.1,0.01,-0.01
-8526.013814,-0.001,-0.1,0.1,0.01,-0.01
-19418.284103,-0.001,-0.1,0.1,0.01,-0.01
-8845.39026,-0.001,-0.1,0.1,0.01,-0.01
-11940.697312,-0.001,-0.1,0.09,0.01,-0.02
-12634.59584,-0.001,-0.1,0.0,0.0,-0.1
-2889.904389,-0.000462,-0.046,0.038,0.01,-0.018
-9872.657982,-0.001,-0.1,0.1,0.01,-0.01
-11541.20758,-0.001,-0.1,0.086,0.01,-0.024
-46.890715,-7e-06,-0.001,0.011,0.01,0.001
-9541.41267,-0.001,-0.1,0.1,0.01,-0.01
-2355.181829,-0.000374,-0.037,0.0,0.0,-0.037
-1213.503434,-0.000193,-0.019,0.016,0.01,-0.013
-8207.522164,-0.001,-0.1,0.087,0.01,-0.023
-3671.865725,-0.000583,-0.058,0.03,0.01,-0.038
-3019.493221,-0.000479,-0.048,0.057,0.01,-0.001
-8760.052153,-0.001,-0.1,0.1,0.01,-0.01
-10220.343645,-0.001,-0.1,0.045,0.01,-0.065
-7066.361098,-0.001,-0.1,0.081,0.01,-0.029
-16222.756791,-0.001,-0.1,0.1,0.01,-0.01
-8486.912533,-0.001,-0.1,0.1,0.01,-0.01
-10899.125369,-0.001,-0.1,0.043,0.01,-0.067
-7450.009715,-0.001,-0.1,0.1,0.01,-0.01
-4744.434994,-0.000744,-0.074,0.074,0.01,-0.011
-190.881245,-3e-05,-0.003,0.021,0.01,0.008
-9389.535471,-0.001,-0.1,0.1,0.01,-0.01
-7217.20389,-0.001,-0.1,0.017,0.01,-0.093
-3050.728223,-0.000477,-0.048,0.03,0.01,-0.027
-3987.073416,-0.000623,-0.062,0.056,0.01,-0.016
-4266.457332,-0.000666,-0.067,0.049,0.01,-0.027
-1575.920744,-0.000246,-0.025,0.0,0.0,-0.025
-7615.322298,-0.001,-0.1,0.1,0.01,-0.01
-145.982722,-2.3e-05,-0.002,0.1,0.01,0.088
-19208.475307,-0.001,-0.1,0.1,0.01,-0.01
-6537.307014,-0.001,-0.1,0.032,0.01,-0.078
-9318.002397,-0.001,-0.1,0.1,0.01,-0.01
1119.058642,0.000173,0.017,0.009,0.01,0.017
-121.816953,-1.9e-05,-0.002,0.0,0.0,-0.002
-952.051093,-0.000148,-0.015,0.012,0.01,-0.012
-6600.318722,-0.001,-0.1,0.096,0.01,-0.014
-8514.688095,-0.001,-0.1,0.028,0.01,-0.082
-2730.55261,-0.000422,-0.042,0.021,0.01,-0.031
-1898.196057,-0.000293,-0.029,0.014,0.01,-0.025
-3626.117032,-0.00056,-0.056,0.053,0.01,-0.013
-10606.81888,-0.001,-0.1,0.1,0.01,-0.01
-14195.673261,-0.001,-0.1,0.1,0.01,-0.01
-9668.896901,-0.001,-0.1,0.1,0.01,-0.01
-13734.813038,-0.001,-0.1,0.1,0.01,-0.01
-9727.996007,-0.001,-0.1,0.03,0.01,-0.08
-8923.226349,-0.001,-0.1,0.1,0.01,-0.01
-7031.795751,-0.001,-0.1,0.097,0.01,-0.013
-7527.053098,-0.001,-0.1,0.1,0.01,-0.01
-8701.250384,-0.001,-0.1,0.038,0.01,-0.072
-8239.404981,-0.001,-0.1,0.1,0.01,-0.01
-18890.206682,-0.001,-0.1,0.1,0.01,-0.01
-15881.596255,-0.001,-0.1,0.039,0.01,-0.071
-2929.29706,-0.000443,-0.044,0.027,0.01,-0.028
-3263.838568,-0.000493,-0.049,0.031,0.01,-0.028
-6765.416875,-0.001,-0.1,0.1,0.01,-0.01
-8927.84194,-0.001,-0.1,0.045,0.01,-0.065
-2324.664694,-0.00035,-0.035,0.017,0.01,-0.028
-2591.935412,-0.000391,-0.039,0.044,0.01,-0.005
-13132.823969,-0.001,-0.1,0.1,0.01,-0.01
-23989.110468,-0.001,-0.1,0.1,0.01,-0.01
-12592.114745,-0.001,-0.1,0.069,0.01,-0.041
-5907.270074,-0.000883,-0.088,0.054,0.01,-0.044
-11205.071659,-0.001,-0.1,0.073,0.01,-0.037
-14002.968514,-0.001,-0.1,0.1,0.01,-0.01
-5204.272494,-0.000774,-0.077,0.018,0.01,-0.07
-8042.87306,-0.001,-0.1,0.1,0.01,-0.01
-16748.134936,-0.001,-0.1,0.067,0.01,-0.043
-8084.245309,-0.001,-0.1,0.1,0.01,-0.01
-8085.301634,-0.001,-0.1,0.082,0.01,-0.028
-11428.340159,-0.001,-0.1,0.1,0.01,-0.01
-18764.288818,-0.001,-0.1,0.055,0.01,-0.055
-7731.203062,-0.001,-0.1,0.025,0.01,-0.085
-10733.996738,-0.001,-0.1,0.099,0.01,-0.011
-9190.338525,-0.001,-0.1,0.1,0.01,-0.01
-5322.280851,-0.00078,-0.078,0.0,0.0,-0.078
-2831.982898,-0.000415,-0.041,0.037,0.01,-0.014
-8628.167356,-0.001,-0.1,0.094,0.01,-0.016
-4209.770122,-0.000615,-0.062,0.014,0.01,-0.057
-6359.601444,-0.000929,-0.093,0.062,0.01,-0.041
-4250.025128,-0.00062,-0.062,0.074,0.01,0.002
-4867.145973,-0.00071,-0.071,0.01,0.01,-0.07
-7587.910672,-0.001,-0.1,0.1,0.01,-0.01
1747.306588,0.000255,0.025,0.1,0.01,0.115
-10423.867803,-0.001,-0.1,0.1,0.01,-0.01
-10288.80437,-0.001,-0.1,0.03,0.01,-0.08
-7012.174037,-0.001,-0.1,0.081,0.01,-0.029
-9136.295372,-0.001,-0.1,0.1,0.01,-0.01
-12652.342648,-0.001,-0.1,0.01,0.01,-0.1
-1447.711503,-0.000209,-0.021,0.011,0.01,-0.02
-8442.308801,-0.001,-0.1,0.097,0.01,-0.013
-7464.277005,-0.001,-0.1,0.027,0.01,-0.083
-11021.473343,-0.001,-0.1,0.1,0.01,-0.01
-14035.666198,-0.001,-0.1,0.071,0.01,-0.039
-11173.020847,-0.001,-0.1,0.013,0.01,-0.097
-5591.476642,-0.000802,-0.08,0.064,0.01,-0.026
-6262.049646,-0.000897,-0.09,0.1,0.01,0.0
-5784.872496,-0.000828,-0.083,0.0,0.0,-0.083
-1853.815822,-0.000265,-0.027,0.024,0.01,-0.012
-6154.424757,-0.00088,-0.088,0.077,0.01,-0.021
-9068.113863,-0.001,-0.1,0.1,0.01,-0.01
-9034.974395,-0.001,-0.1,0.021,0.01,-0.089
-3126.950687,-0.000446,-0.045,0.0,0.0,-0.045
-4017.180212,-0.000573,-0.057,0.052,0.01,-0.015
-16810.812706,-0.001,-0.1,0.1,0.01,-0.01
-20800.398565,-0.001,-0.1,0.1,0.01,-0.01
-16610.200066,-0.001,-0.1,0.1,0.01,-0.01
-4237.917365,-0.000599,-0.06,0.041,0.01,-0.029
-5180.838897,-0.000732,-0.073,0.029,0.01,-0.055
-6804.204894,-0.00096,-0.096,0.051,0.01,-0.055
-6329.118246,-0.000892,-0.089,0.047,0.01,-0.052
-3404.059329,-0.00048,-0.048,0.013,0.01,-0.045
108.777356,1.5e-05,0.002,0.0,0.0,0.002
-4229.82384,-0.000596,-0.06,0.055,0.01,-0.014
-348.181936,-4.9e-05,-0.005,0.0,0.0,-0.005
-7653.600214,-0.001,-0.1,0.1,0.01,-0.01
-9515.706916,-0.001,-0.1,0.06,0.01,-0.05
-11319.198587,-0.001,-0.1,0.1,0.01,-0.01
1931.3698,0.000271,0.027,0.044,0.01,0.062
-8976.188089,-0.001,-0.1,0.095,0.01,-0.015
-8044.456561,-0.001,-0.1,0.085,0.01,-0.025
-14570.740875,-0.001,-0.1,0.077,0.01,-0.033
-10443.961801,-0.001,-0.1,0.1,0.01,-0.01
-16530.07899,-0.001,-0.1,0.03,0.01,-0.08
-5302.380748,-0.000737,-0.074,0.062,0.01,-0.022
-5851.386477,-0.000813,-0.081,0.012,0.01,-0.08
-7892.653672,-0.001,-0.1,0.1,0.01,-0.01
7388445.205525,0.001,0.1,0.073,0.01,0.163
-6010.860605,-0.001,-0.1,0.0,0.0,-0.1
0.0,0.0,0.0,0.0,0.0,0.0
-5700.654478,-0.001,-0.1,0.076,0.01,-0.034
-10424.927688,-0.001,-0.1,0.1,0.01,-0.01
2892.684972,0.001,0.1,0.0,0.0,0.1
-7171.394283,-0.001,-0.1,0.095,0.01,-0.015
-10063.345946,-0.001,-0.1,0.1,0.01,-0.01
-4053.28225,-0.001,-0.1,0.023,0.01,-0.087
-3505.156907,-0.001,-0.1,0.038,0.01,-0.072
-5698.617986,-0.001,-0.1,0.062,0.01,-0.048
-10589.573852,-0.001,-0.1,0.089,0.01,-0.021
620.746279,0.001,0.1,0.046,0.01,0.136
-2904.981124,-0.001,-0.1,0.061,0.01,-0.049
-9575.156318,-0.001,-0.1,0.064,0.01,-0.046
-13919.628523,-0.001,-0.1,0.1,0.01,-0.01
-10909.180371,-0.001,-0.1,0.1,0.01,-0.01
4532.817229,0.001,0.1,0.1,0.01,0.19
733.298928,0.001,0.1,0.018,0.01,0.108
-6540.825367,-0.001,-0.1,0.058,0.01,-0.052
-9521.178462,-0.001,-0.1,0.08,0.01,-0.03
-8313.054699,-0.001,-0.1,0.054,0.01,-0.056
-10856.660806,-0.001,-0.1,0.057,0.01,-0.053
-8210.517655,-0.001,-0.1,0.051,0.01,-0.059
-3897.792419,-0.001,-0.1,0.015,0.01,-0.095
-9010.847556,-0.001,-0.1,0.1,0.01,-0.01
-7887.506499,-0.001,-0.1,0.014,0.01,-0.096
-4548.944736,-0.001,-0.1,0.046,0.01,-0.064
-9077.785418,-0.001,-0.1,0.1,0.01,-0.01
-2990.077562,-0.001,-0.1,0.1,0.01,-0.01
-2343.913768,-0.001,-0.1,0.088,0.01,-0.022
-5533.674924,-0.001,-0.1,0.016,0.01,-0.094
-9115.570541,-0.001,-0.1,0.1,0.01,-0.01
-14134.680862,-0.001,-0.1,0.068,0.01,-0.042
-6703.668963,-0.001,-0.1,0.1,0.01,-0.01
-9754.577061,-0.001,-0.1,0.078,0.01,-0.032
-13988.16535,-0.001,-0.1,0.034,0.01,-0.076
-2098.450274,-0.001,-0.1,0.036,0.01,-0.074
-5200.184658,-0.001,-0.1,0.051,0.01,-0.059
-3704.476899,-0.001,-0.1,0.041,0.01,-0.069
-4342.200943,-0.001,-0.1,0.036,0.01,-0.074
-7284.701867,-0.001,-0.1,0.071,0.01,-0.039
-8913.167803,-0.001,-0.1,0.087,0.01,-0.023
-2079.186891,-0.001,-0.1,0.056,0.01,-0.054
-11470.464673,-0.001,-0.1,0.091,0.01,-0.019
-6545.365181,-0.001,-0.1,0.0,0.0,-0.1
-5418.25045,-0.001,-0.1,0.073,0.01,-0.037
