step,value
0,10000.0
1,10060.55426120758
2,10119.607648849487
3,10173.241782188416
4,10217.498784065247
5,10248.547444343567
6,10262.908415794373
7,10257.728247642517
8,10231.142258644104
9,10215.458197593689
10,10214.540276527405
11,10228.765215873718
12,10257.762908935547
13,10300.435032844543
14,10355.13283252716
15,10419.907133579254
16,10492.839086055756
17,10572.241950035095
18,10656.759594678879
19,10745.35640835762
20,10837.218987345695
21,10931.473841667175
22,11027.303850352764
23,11124.1761636734
24,11221.80147409439
25,11320.036723315716
26,11418.750610947609
27,11517.8241597116
28,11617.164745777845
29,11716.703294441104
30,11816.381313279271
31,11916.159238200635
32,12016.009965315461
33,12115.910473912954
34,12215.844311644323
35,12315.800098096952
36,12415.770758059807
37,12515.75129594421
38,12615.73835470248
39,12715.729738380178
40,12815.724006790551
41,12915.720185382525
42,13015.717606317776
43,13115.715822766797
44,13215.71453467579
45,13315.713541872465
46,13415.712712421227
47,13515.711953391146
48,13615.711215476258
49,13715.710466334567
50,13815.709687665512
51,13915.708869837472
52,14015.708008948786
53,14115.707104667235
54,14215.706158806497
55,14315.70517437125
56,14415.70415494345
57,14515.703104267159
58,14615.702026043728
59,14715.700923741024
60,14815.69980054548
61,14915.69865932237
62,15015.69750261333
63,15115.696332652878
64,15215.695151383261
65,15315.693960486387
66,15415.69276141141
67,15515.69155539968
68,15615.690343512906
69,15715.689126654834
70,15815.68790559475
71,15915.686680985309
72,16015.68545338123
73,16115.684223249918
74,16215.682990986897
75,16315.681756928316
76,16415.680521356044
77,16515.679284509606
78,16615.678046589383
79,16715.67680776374
80,16815.67556817732
81,16915.674327950037
82,17015.673087182586
83,17115.671845961842
84,17215.670604359257
85,17315.66936243449
86,17415.66812024008
87,17515.666877817494
88,17615.665635204423
89,17715.664392428953
90,17815.66314951786
91,17915.661906492824
92,18015.660663372182
93,18115.659420170923
94,18215.658176901125
95,18315.656933572973
96,18415.655690196945
97,18515.654446780754
98,18615.65320333022
99,18715.651959852185
100,18815.650716349555
101,18915.649472826408
102,19015.648229286817
103,19115.646985732674
104,19215.645742166453
105,19315.64449859019
106,19415.643255005052
107,19515.64201141322
108,19615.640767814984
109,19715.639524211656
110,19815.6382806044
111,19915.637036992775
112,20015.635793378533
113,20115.634549762253
114,20215.633306143063
115,20315.63206252271
116,20415.630818900026
117,20515.629575276034
118,20615.62833165146
119,20715.62708802645
120,20815.625844399838
121,20915.624600772935
122,21015.62335714545
123,21115.622113517238
124,21215.620869888153
125,21315.619626259213
126,21415.61838262838
127,21515.61713899857
128,21615.615895369192
129,21715.614651739088
130,21815.613408108256
131,21915.612164477134
132,22015.610920846302
133,22115.609677215325
134,22215.608433583766
135,22315.60718995206
136,22415.605946320793
137,22515.604702689525
138,22615.60345905782
139,22715.602215426406
140,22815.600971794556
141,22915.599728162997
142,23015.598484531147
143,23115.597240899588
144,23215.595997267737
145,23315.594753636324
146,23415.59351000491
147,23515.59226637306
148,23615.591022741355
149,23715.589779110087
150,23815.588535478964
151,23915.58729184755
152,24015.586048216574
153,24115.584804585596
154,24215.58356095433
155,24315.58231732335
156,24415.581073692374
157,24515.57983006125
158,24615.5785864294
159,24715.57734279755
160,24815.57609916599
161,24915.574855533996
162,25015.573611902437
163,25115.572368270587
164,25215.571124639173
165,25315.56988100776
166,25415.56863737591
167,25515.56739374406
168,25615.56615011279
169,25715.564906481522
170,25815.563662849963
171,25915.56241921884
172,26015.561175587718
173,26115.55993195616
174,26215.558688325036
175,26315.557444693477
176,26415.556201062354
177,26515.55495743123
178,26615.553713799673
179,26715.55247016855
180,26815.55122653728
181,26915.54998290543
182,27015.54873927358
183,27115.547495642168
184,27215.546252010754
185,27315.545008378904
186,27415.5437647472
187,27515.54252111593
188,27615.54127748481
189,27715.540033853686
190,27815.538790222272
191,27915.537546590276
192,28015.536302958135
193,28115.535059325994
194,28215.533815694434
195,28315.53257206302
196,28415.53132843117
197,28515.530084799757
198,28615.528841168343
199,28715.527597536347
200,28815.52635390435
201,10000.0
202,10069.94999408722
203,10138.888771533966
204,10202.907264232635
205,10257.839367389679
206,10299.439551830292
207,10323.614909648895
208,10326.70604467392
209,10306.036031246185
210,10272.74686574936
211,10255.635764598846
212,10255.58390378952
213,10272.688472270966
214,10306.594889163971
215,10356.303989887238
216,10419.045174121857
217,10491.820631027222
218,10572.185339927673
219,10658.097159862518
220,10748.166028857231
221,10841.267094016075
222,10936.403426229954
223,11032.80728340149
224,11130.086461603642
225,11228.038753420115
226,11326.533499658108
227,11425.443987101316
228,11524.663300663233
229,11624.11383755505
230,11723.729120828211
231,11823.462124951184
232,11923.280134648085
233,12023.158583929762
234,12123.077697521076
235,12223.023804193363
236,12322.987878222484
237,12422.964132681955
238,12522.948276980314
239,12622.93775285245
240,12722.930742175085
241,12822.9260780412
242,12922.922953572706
243,13022.920822585002
244,13122.91932015025
245,13222.91820179984
246,13322.917304891744
247,13422.916519107748
248,13522.91577583208
249,13622.915035227488
250,13722.914272776397
251,13822.913475032692
252,13922.91263559222
253,14022.911752578511
254,14122.910826892039
255,14222.909861047956
256,14322.908858402225
257,14422.9078226602
258,14522.906757565579
259,14622.905666714869
260,14722.904553440676
261,14822.903420767616
262,14922.90227139405
263,15022.901107705547
264,15122.899931784923
265,15222.898745439452
266,15322.897550228809
267,15422.896347493515
268,15522.895138380773
269,15622.893923869997
270,15722.892704791884
271,15822.891481858096
272,15922.890255665407
273,16022.889026725461
274,16122.887795468414
275,16222.886562256463
276,16322.885327398253
277,16422.884091152227
278,16522.882853737974
279,16622.881615339575
280,16722.880376111716
281,16822.879136187257
282,16922.877895676356
283,17022.8766546688
284,17122.87541324651
285,17222.87417147323
286,17322.87292940615
287,17422.871687090083
288,17522.870444565197
289,17622.86920186525
290,17722.867959017167
291,17822.866716044955
292,17922.865472968406
293,18022.864229804545
294,18122.862986565597
295,18222.86174326451
296,18322.860499912058
297,18422.859256515512
298,18522.85801308084
299,18622.856769616483
300,18722.855526126223
301,18822.854282612825
302,18922.853039081238
303,19022.851795533352
304,19122.850551973388
305,19222.84930840062
306,19322.848064820137
307,19422.84682123165
308,19522.84557763618
309,19622.84433403518
310,19722.84309042996
311,19822.841846820083
312,19922.840603207296
313,20022.83935959218
314,20122.8381159743
315,20222.836872353946
316,20322.835628732282
317,20422.834385109018
318,20522.833141485462
319,20622.831897860306
320,20722.830654235295
321,20822.829410607956
322,20922.82816698047
323,21022.826923352404
324,21122.825679723464
325,21222.824436094525
326,21322.823192465148
327,21422.821948835335
328,21522.820705204358
329,21622.819461573963
330,21722.81821794386
331,21822.8169743123
332,21922.815730681323
333,22022.81448704991
334,22122.813243418932
335,22222.811999787955
336,22322.810756156687
337,22422.809512524836
338,22522.80826889284
339,22622.80702526128
340,22722.805781629286
341,22822.804537997727
342,22922.803294365876
343,23022.802050734463
344,23122.800807102758
345,23222.79956347149
346,23322.79831984022
347,23422.797076208954
348,23522.795832577103
349,23622.794588945108
350,23722.793345313403
351,23822.79210168228
352,23922.790858051303
353,24022.78961442047
354,24122.788370789494
355,24222.78712715808
356,24322.785883526813
357,24422.7846398954
358,24522.783396263403
359,24622.782152631262
360,24722.780908999266
361,24822.779665367852
362,24922.778421736584
363,25022.77717810517
364,25122.77593447332
365,25222.77469084147
366,25322.773447210056
367,25422.77220357879
368,25522.770959947375
369,25622.76971631538
370,25722.768472683383
371,25822.767229051533
372,25922.765985420265
373,26022.764741789142
374,26122.76349815802
375,26222.762254526606
376,26322.761010895483
377,26422.75976726407
378,26522.758523633092
379,26622.757280002115
380,26722.756036371138
381,26822.75479273958
382,26922.753549108165
383,27022.752305476315
384,27122.751061844465
385,27222.749818213197
386,27322.74857458193
387,27422.747330950515
388,27522.746087318665
389,27622.74484368667
390,27722.74360005482
391,27822.742356423696
392,27922.74111279272
393,28022.739869161887
394,28122.73862553091
395,28222.737381899497
396,28322.73613826823
397,28422.734894636815
398,28522.73365100482
399,28622.732407372678
400,28722.731163740682
401,28822.72992010927
402,10000.0
403,10094.100650548935
404,10188.781147003174
405,10283.79718542099
406,10378.929221332073
407,10473.959239721298
408,10568.6485517025
409,10662.712118029594
410,10755.766475200653
411,10847.242018580437
412,10936.148758530617
413,11020.448865294456
414,11096.652066111565
415,11160.664429068565
416,11207.618512511253
417,11232.038912177086
418,11228.66767346859
419,11193.214029669762
420,11132.895101904869
421,11091.576218008995
422,11071.102051138878
423,11072.923988699913
424,11100.069817900658
425,11148.736709952354
426,11213.88881623745
427,11290.872179865837
428,11375.153072476387
429,11464.142596125603
430,11556.535746455193
431,11651.221774220467
432,11747.34701603651
433,11844.430740475655
434,11942.226183265448
435,12040.598091930151
436,12139.414990022779
437,12238.565233796835
438,12337.963878288865
439,12437.542900256813
440,12537.249925676733
441,12637.048998977989
442,12736.914434982464
443,12836.824862016365
444,12936.765265394934
445,13036.725445347838
446,13136.699072741903
447,13236.681529537309
448,13336.66987820412
449,13436.662117166561
450,13536.656954406062
451,13636.653505349532
452,13736.651166111114
453,13836.64953363128
454,13936.648337271836
455,14036.647396863264
456,14136.646591853641
457,14236.645842267535
458,14336.645103867631
459,14436.64434847713
460,14536.643560384473
461,14636.642731683824
462,14736.64185956448
463,14836.640944357132
464,14936.639988258758
465,15036.638994473178
466,15136.637966651833
467,15236.636908548462
468,15336.635823813122
469,15436.634715849214
470,15536.633587759206
471,15636.632442325426
472,15736.631282009112
473,15836.630108966638
474,15936.628925071345
475,16036.627731942863
476,16136.626530973663
477,16236.625323356784
478,16336.624110111443
479,16436.62289210508
480,16536.62167007482
481,16636.62044464698
482,16736.619216350955
483,16836.617985636258
484,16936.616752881964
485,17036.61551840938
486,17136.61428248888
487,17236.613045347476
488,17336.61180717958
489,17436.61056814759
490,17536.60932838553
491,17636.608088010835
492,17736.606847119983
493,17836.605605794175
494,17936.604364104132
495,18036.60312210588
496,18136.601879849914
497,18236.60063737465
498,18336.599394717196
499,18436.598151904618
500,18536.5969089618
501,18636.59566590999
502,18736.594422765775
503,18836.59317954487
504,18936.591936259065
505,19036.59069291767
506,19136.589449530584
507,19236.588206105516
508,19336.58696264669
509,19436.585719161812
510,19536.584475652926
511,19636.583232125267
512,19736.581988581165
513,19836.580745024112
514,19936.579501453525
515,20036.578257874935
516,20136.577014287905
517,20236.575770693453
518,20336.57452709289
519,20436.573283488688
520,20536.572039879247
521,20636.570796266606
522,20736.5695526512
523,20836.56830903332
524,20936.5670654134
525,21036.565821791446
526,21136.564578168473
527,21236.56333454448
528,21336.56209091947
529,21436.560847293295
530,21536.55960366741
531,21636.558360038907
532,21736.557116411423
533,21836.555872783065
534,21936.554629154125
535,22036.553385524312
536,22136.552141894354
537,22236.550898263667
538,22336.549654633127
539,22436.548411002004
540,22536.547167371027
541,22636.545923739468
542,22736.5446801082
543,22836.543436476495
544,22936.54219284479
545,23036.540949213522
546,23136.5397055824
547,23236.53846195084
548,23336.537218319718
549,23436.535974688595
550,23536.534731057327
551,23636.533487425477
552,23736.53224379348
553,23836.531000161922
554,23936.529756529926
555,24036.528512898076
556,24136.527269266953
557,24236.526025635976
558,24336.524782005145
559,24436.523538374167
560,24536.52229474261
561,24636.52105111134
562,24736.519807479635
563,24836.51856384822
564,24936.51732021637
565,25036.516076584812
566,25136.514832952962
567,25236.51358932155
568,25336.512345689844
569,25436.511102058575
570,25536.509858427307
571,25636.508614795603
572,25736.50737116419
573,25836.506127532484
574,25936.50488390107
575,26036.503640269366
576,26136.502396638098
577,26236.50115300683
578,26336.499909375416
579,26436.49866574342
580,26536.49742211128
581,26636.496178479283
582,26736.49493484787
583,26836.4936912166
584,26936.492447585333
585,27036.49120395363
586,27136.489960321924
587,27236.488716690656
588,27336.487473059533
589,27436.48622942812
590,27536.484985797142
591,27636.483742166165
592,27736.48249853475
593,27836.48125490363
594,27936.480011272215
595,28036.478767641238
596,28136.47752401026
597,28236.476280378847
598,28336.475036747725
599,28436.47379311631
600,28536.472549485334
601,28636.471305854357
602,28736.470062222943
603,10000.0
604,10072.03242778778
605,10139.560327529907
606,10198.430948257446
607,10244.329571723938
608,10273.000121116638
609,10280.475811958313
610,10263.705945014954
611,10223.33734035492
612,10199.43989276886
613,10193.080096244812
614,10204.660077095032
615,10234.396171569824
616,10282.01922416687
617,10343.630821704865
618,10415.568525791168
619,10495.307967662811
620,10580.768212080002
621,10670.493417978287
622,10763.356803655624
623,10858.340559005737
624,10954.64493662119
625,11051.852936446667
626,11149.74801838398
627,11248.197824060917
628,11347.074230387807
629,11446.268383339047
630,11545.700258500874
631,11645.302373059094
632,11745.026015415788
633,11844.837126564234
634,11944.710934357718
635,12044.626923371106
636,12144.57097931765
637,12244.533656551503
638,12344.50896364171
639,12444.49250214384
640,12544.481573317898
641,12644.474293316598
642,12744.469450404868
643,12844.46620970848
644,12944.464004293259
645,13044.46245550178
646,13144.461309470644
647,13244.460397235089
648,13344.459604816802
649,13444.458859513034
650,13544.458119909395
651,13644.457360177257
652,13744.456566058798
653,13844.455730613117
654,13944.45485162898
655,14044.45392980837
656,14144.452967549223
657,14244.451968159628
658,14344.450935323039
659,14444.449872792902
660,14544.448784183915
661,14644.447672853566
662,14744.446541857324
663,14844.44539392738
664,14944.444231471862
665,15044.443056604141
666,15144.441871153249
667,15244.440676703089
668,15344.439474612664
669,15444.438266047
670,15544.437051998102
671,15644.435833312164
672,15744.434610708558
673,15844.433384795702
674,15944.432156091352
675,16044.430925032066
676,16144.429691987752
677,16244.428457270551
678,16344.427221144288
679,16444.42598382928
680,16544.424745514552
681,16644.423506357998
682,16744.422266491893
683,16844.421026028722
684,16944.419785063656
685,17044.41854367673
686,17144.41730193299
687,17244.416059891082
688,17344.41481759728
689,17444.413575090584
690,17544.412332406355
691,17644.411089570785
692,17744.409846609924
693,17844.40860354298
694,17944.407360386394
695,18044.406117154285
696,18144.40487385844
697,18244.403630510205
698,18344.402387116716
699,18444.401143685245
700,18544.399900223216
701,18644.39865673441
702,18744.397413222614
703,18844.39616969248
704,18944.394926146342
705,19044.39368258725
706,19144.39243901623
707,19244.391195436183
708,19344.389951848134
709,19444.388708252663
710,19544.38746465239
711,19644.38622104746
712,19744.38497743773
713,19844.383733824943
714,19944.382490209537
715,20044.381246592093
716,20144.380002971448
717,20244.37875935022
718,20344.377515726956
719,20444.37627210311
720,20544.37502847839
721,20644.373784853087
722,20744.372541225894
723,20844.371297599282
724,20944.370053971652
725,21044.368810343003
726,21144.3675667145
727,21244.366323084105
728,21344.36507945473
729,21444.36383582579
730,21544.362592196267
731,21644.361348566308
732,21744.360104935477
733,21844.358861304645
734,21944.357617673086
735,22044.35637404138
736,22144.355130409676
737,22244.35388677841
738,22344.35264314714
739,22444.351399515872
740,22544.35015588402
741,22644.34891225217
742,22744.347668620467
743,22844.346424989344
744,22944.345181358512
745,23044.34393772768
746,23144.34269409685
747,23244.341450465727
748,23344.340206834022
749,23444.33896320217
750,23544.33771957032
751,23644.336475939053
752,23744.33523230793
753,23844.33398867637
754,23944.33274504525
755,24044.33150141427
756,24144.330257782858
757,24244.329014151735
758,24344.32777052032
759,24444.326526889345
760,24544.325283258368
761,24644.32403962739
762,24744.32279599583
763,24844.321552364127
764,24944.32030873286
765,25044.31906510159
766,25144.317821470177
767,25244.31657783818
768,25344.315334206185
769,25444.31409057448
770,25544.312846942485
771,25644.311603310925
772,25744.310359679075
773,25844.30911604766
774,25944.307872416248
775,26044.306628784398
776,26144.305385152547
777,26244.30414152128
778,26344.302897890157
779,26444.301654258597
780,26544.300410627475
781,26644.299166996352
782,26744.29792336494
783,26844.296679733816
784,26944.295436102402
785,27044.294192471425
786,27144.292948840448
787,27244.291705209034
788,27344.290461578057
789,27444.28921794679
790,27544.287974315957
791,27644.286730685126
792,27744.28548705415
793,27844.28424342259
794,27944.28299979132
795,28044.28175615947
796,28144.28051252762
797,28244.279268896353
798,28344.278025265085
799,28444.276781633816
800,28544.275538001966
801,28644.274294370116
802,28744.27305073841
803,28844.27180710729
804,10000.0
805,10095.248933136463
806,10191.206949949265
807,10287.710040807724
808,10384.636922478676
809,10481.898122727871
810,10579.427942484617
811,10677.178407162428
812,10775.114833414555
813,10873.212537765503
814,10971.454298496246
815,11069.828298091888
816,11168.326275348663
817,11266.941744238138
818,11365.668044537306
819,11464.49633359909
820,11563.41438934207
821,11662.413161918521
822,11761.516960784793
823,11860.82462221384
824,11960.337798818946
825,12059.993608184159
826,12159.750580191612
827,12259.577264599502
828,12359.453373579308
829,12459.363973848522
830,12559.29906741716
831,12659.251571865752
832,12759.216465577483
833,12859.190308637917
834,12959.170562368818
835,13059.155542213703
836,13159.143961966038
837,13259.134909060667
838,13359.127719898243
839,13459.12191179872
840,13559.117137940484
841,13659.113144188887
842,13759.109742811997
843,13859.106794496183
844,13959.104195224354
845,14059.101866841374
846,14159.099750231544
847,14259.097800363525
848,14359.09598272192
849,14459.094270618953
850,14559.092643088079
851,14659.091083709209
852,14759.089579556894
853,14859.088120372035
854,14959.086697962048
855,15059.085305743356
856,15159.08393839345
857,15259.082591589977
858,15359.081261807296
859,15459.079946156271
860,15559.078642259992
861,15659.07734815919
862,15759.076062231034
863,15859.074783133838
864,15959.073509746668
865,16059.072241141694
866,16159.070976541843
867,16259.06971530043
868,16359.068456875539
869,16459.067200813442
870,16559.0659467355
871,16659.06469432375
872,16759.06344331088
873,16859.062193473947
874,16959.060944625526
875,17059.05969660642
876,17159.05844928595
877,17259.057202552212
878,17359.05595631135
879,17459.054710486234
880,17559.053465009492
881,17659.052219826408
882,17759.050974890415
883,17859.049730162078
884,17959.048485608364
885,18059.04724120206
886,18159.04599691872
887,18259.044752739137
888,18359.043508647446
889,18459.042264628515
890,18559.04102067114
891,18659.039776766003
892,18759.038532904233
893,18859.03728907957
894,18959.036045284447
895,19059.034801516827
896,19159.033557771472
897,19259.03231404358
898,19359.031070331257
899,19459.029826632177
900,19559.02858294343
901,19659.02733926414
902,19759.026095592417
903,19859.024851926224
904,19959.023608268035
905,20059.02236461363
906,20159.021120963007
907,20259.01987731573
908,20359.018633672094
909,20459.017390029912
910,20559.016146389185
911,20659.01490275137
912,20759.01365911428
913,20859.01241547879
914,20959.011171844177
915,21059.009928209998
916,21159.00868457713
917,21259.00744094397
918,21359.006197311246
919,21459.00495367925
920,21559.00371004769
921,21659.002466416277
922,21759.001222784864
923,21858.999979153014
924,21958.998735521163
925,22058.997491889895
926,22158.996248258627
927,22258.995004627068
928,22358.993760995945
929,22458.992517364823
930,22558.991273733263
931,22658.99003010214
932,22758.988786470727
933,22858.987542839604
934,22958.98629920848
935,23058.985055577068
936,23158.983811945945
937,23258.982568314386
938,23358.981324683264
939,23458.98008105214
940,23558.978837420873
941,23658.977593789023
942,23758.976350157027
943,23858.975106525468
944,23958.973862893472
945,24058.972619261913
946,24158.971375630063
947,24258.97013199865
948,24358.968888367235
949,24458.967644735385
950,24558.966401103535
951,24658.965157472267
952,24758.963913841144
953,24858.96267020973
954,24958.961426578753
955,25058.960182947776
956,25158.958939316362
957,25258.957695685385
958,25358.956452054263
959,25458.955208422994
960,25558.953964791144
961,25658.95272115915
962,25758.951477527153
963,25858.95023389574
964,25958.94899026447
965,26058.947746632766
966,26158.946503001498
967,26258.94525937023
968,26358.944015738816
969,26458.94277210682
970,26558.94152847468
971,26658.940284842683
972,26758.93904121127
973,26858.937797579856
974,26958.936553948442
975,27058.935310316592
976,27158.934066684742
977,27258.93282305333
978,27358.93157942206
979,27458.930335790646
980,27558.92909215865
981,27658.927848526655
982,27758.926604894805
983,27858.925361263537
984,27958.924117632414
985,28058.922874001437
986,28158.921630370023
987,28258.920386739046
988,28358.919143107923
989,28458.917899476655
990,28558.916655844805
991,28658.91541221281
992,28758.914168581105
993,28858.91292494911
994,28958.911681317404
995,29058.91043768541
996,29158.909194053558
997,29258.90795042229
998,29358.906706791313
999,29458.905463160336
1000,29558.904219528922
1001,29658.902975897945
1002,29758.901732266968
1003,29858.9004886357
1004,29958.89924500385
1005,10000.0
1006,10092.069942355156
1007,10184.4997215271
1008,10276.126738786697
1009,10364.786216020584
1010,10447.838462591171
1011,10522.653959989548
1012,10585.716189146042
1013,10632.433470487595
1014,10657.704886198044
1015,10656.672724485397
1016,10625.576523542404
1017,10564.98879313469
1018,10523.91361117363
1019,10503.758829832077
1020,10505.643481016159
1021,10530.248254537582
1022,10575.719879865646
1023,10637.722924947739
1024,10712.377334833145
1025,10795.967016220093
1026,10885.648494958878
1027,10979.24208164215
1028,11075.123055577278
1029,11172.322769761086
1030,11270.338091403246
1031,11368.948631882668
1032,11467.983646690845
1033,11567.314494997263
1034,11666.84361871332
1035,11766.51095494628
1036,11866.275892872363
1037,11966.10809346661
1038,12065.988149540499
1039,12165.901512363926
1040,12265.838555698283
1041,12365.792450159788
1042,12465.75834224699
1043,12565.732903738972
1044,12665.713680537883
1045,12765.699042459019
1046,12865.687741915463
1047,12965.67889495287
1048,13065.67185814085
1049,13165.66616336233
1050,13265.661474831868
1051,13365.657545657887
1052,13465.65419352235
1053,13565.651283024054
1054,13665.648713009432
1055,13765.64640742814
1056,13865.644308716728
1057,13965.642372996954
1058,14065.64056662537
1059,14165.63886353324
1060,14265.637243244564
1061,14365.635689720802
1062,14465.634190326527
1063,14565.632735026593
1064,14665.631315801584
1065,14765.629926202237
1066,14865.628561013
1067,14965.62721599883
1068,15065.625887700007
1069,15165.624573281966
1070,15265.623270412761
1071,15365.621977169503
1072,15465.620691957592
1073,15565.619413458335
1074,15665.618140572187
1075,15765.616872386163
1076,15865.615608137741
1077,15965.614347191295
1078,16065.613089012186
1079,16165.611833157309
1080,16265.61057925297
1081,16365.60932698645
1082,16465.608076096687
1083,16565.606826364092
1084,16665.60557760211
1085,16765.604329656926
1086,16865.60308239641
1087,16965.60183571477
1088,17065.60058951669
1089,17165.599343727517
1090,17265.598098281334
1091,17365.59685312386
1092,17465.595608209842
1093,17565.59436349984
1094,17665.593118962133
1095,17765.591874568054
1096,17865.590630295483
1097,17965.589386124047
1098,18065.58814203905
1099,18165.586898026668
1100,18265.58565407482
1101,18365.58441017478
1102,18465.583166316646
1103,18565.58192249562
1104,18665.58067870472
1105,18765.5794349387
1106,18865.57819119509
1107,18965.5769474688
1108,19065.57570375706
1109,19165.57446005885
1110,19265.573216369812
1111,19365.571972690377
1112,19465.570729017927
1113,19565.569485352025
1114,19665.568241692526
1115,19765.566998037102
1116,19865.56575438648
1117,19965.56451073906
1118,20065.56326709513
1119,20165.562023452803
1120,20265.560779812076
1121,20365.55953617397
1122,20465.558292537316
1123,20565.557048903283
1124,20665.555805269105
1125,20765.554561636236
1126,20865.553318003076
1127,20965.552074370207
1128,21065.55083073821
1129,21165.549587106216
1130,21265.548343475093
1131,21365.547099844407
1132,21465.545856214158
1133,21565.544612583326
1134,21665.543368951912
1135,21765.5421253205
1136,21865.540881688503
1137,21965.53963805636
1138,22065.53839442422
1139,22165.53715079266
1140,22265.535907161247
1141,22365.534663529397
1142,22465.533419897984
1143,22565.53217626657
1144,22665.53093263472
1145,22765.52968900287
1146,22865.5284453716
1147,22965.527201740333
1148,23065.525958108774
1149,23165.52471447765
1150,23265.52347084653
1151,23365.522227215115
1152,23465.52098358312
1153,23565.519739950978
1154,23665.518496318982
1155,23765.51725268757
1156,23865.516009056155
1157,23965.51476542445
1158,24065.513521793182
1159,24165.512278161914
1160,24265.5110345305
1161,24365.509790898504
1162,24465.508547266363
1163,24565.507303634367
1164,24665.506060002954
1165,24765.504816371686
1166,24865.503572740417
1167,24965.502329109004
1168,25065.501085477008
1169,25165.499841844867
1170,25265.498598212725
1171,25365.497354581166
1172,25465.496110949607
1173,25565.494867317757
1174,25665.493623686343
1175,25765.49238005464
1176,25865.49113642337
1177,25965.489892792102
1178,26065.488649160397
1179,26165.487405528984
1180,26265.48616189728
1181,26365.484918265865
1182,26465.48367463445
1183,26565.4824310026
1184,26665.48118737075
1185,26765.479943739338
1186,26865.478700107924
1187,26965.47745647622
1188,27065.476212844806
1189,27165.4749692131
1190,27265.473725581833
1191,27365.472481950565
1192,27465.47123831886
1193,27565.469994687446
1194,27665.468751055596
1195,27765.467507424182
1196,27865.466263792332
1197,27965.46502016092
1198,28065.463776529505
1199,28165.462532897654
1200,28265.461289265804
1201,28365.46004563439
1202,28465.458802003122
1203,28565.45755837171
1204,28665.45631473986
1205,28765.455071107863
1206,10000.0
1207,10012.316360473633
1208,10024.66555595398
1209,10036.014852523804
1210,10044.77801322937
1211,10049.42102432251
1212,10048.590116500854
1213,10052.144441604614
1214,10060.830392837524
1215,10075.113868713379
1216,10095.284633636475
1217,10121.43632888794
1218,10153.45705986023
1219,10191.032981872559
1220,10233.665194511414
1221,10280.690016746521
1222,10331.305274963379
1223,10384.58902835846
1224,10439.356384277344
1225,10493.31916809082
1226,10542.970070838928
1227,10584.6111536026
1228,10614.66070652008
1229,10629.872517585754
1230,10627.604269981384
1231,10606.073269844055
1232,10594.659161567688
1233,10596.7866563797
1234,10612.822289466858
1235,10642.515535354614
1236,10684.984474182129
1237,10738.811783790588
1238,10802.307183742523
1239,10873.730247020721
1240,10951.474890708923
1241,11034.156799316406
1242,11120.639536380768
1243,11210.021753311157
1244,11301.604671478271
1245,11394.856246709824
1246,11489.37742114067
1247,11584.871738255024
1248,11681.120082437992
1249,11777.960581183434
1250,11875.272952318192
1251,11972.965995371342
1252,12070.967918783426
1253,12169.220449775457
1254,12267.686758339405
1255,12366.390275508165
1256,12465.427218303084
1257,12564.757610037923
1258,12664.286383874714
1259,12763.953470550478
1260,12863.718235921115
1261,12963.550317008048
1262,13063.430287586525
1263,13163.343590572476
1264,13263.280591634102
1265,13363.234456088394
1266,13463.200326457154
1267,13563.174872344825
1268,13663.155637753662
1269,13763.140991393011
1270,13863.129684771411
1271,13963.120833334979
1272,14063.113793215016
1273,14163.108095978969
1274,14263.103405594884
1275,14363.099475017807
1276,14463.096121811832
1277,14563.093210489897
1278,14663.09063983761
1279,14763.088333759952
1280,14863.086234658258
1281,14963.084298629983
1282,15063.082492012909
1283,15163.080788724183
1284,15263.079168277472
1285,15363.07761462609
1286,15463.076115127042
1287,15563.074659742415
1288,15663.073240447557
1289,15763.071850791312
1290,15863.070485555072
1291,15963.069140502193
1292,16063.067812170775
1293,16163.066497725522
1294,16263.06519483449
1295,16363.063901570567
1296,16463.06261634396
1297,16563.06133783146
1298,16663.060064934107
1299,16763.058796739497
1300,16863.057532483654
1301,16963.056271530222
1302,17063.055013346748
1303,17163.053757487214
1304,17263.052503580402
1305,17363.051251311263
1306,17463.050000419025
1307,17563.04875068381
1308,17663.047501919646
1309,17763.04625397359
1310,17863.045006712637
1311,17963.043760029977
1312,18063.04251383175
1313,18163.041268041707
1314,18263.040022595378
1315,18363.038777437032
1316,18463.037532522576
1317,18563.036287812865
1318,18663.035043273994
1319,18763.033798879624
1320,18863.032554605597
1321,18963.031310434162
1322,19063.030066349165
1323,19163.028822336055
1324,19263.027578383626
1325,19363.026334483147
1326,19463.02509062458
1327,19563.023846803117
1328,19663.022603011486
1329,19763.02135924576
1330,19863.02011550215
1331,19963.018871775566
1332,20063.017628064263
1333,20163.01638436591
1334,20263.0151406776
1335,20363.013896999328
1336,20463.012653328187
1337,20563.011409662722
1338,20663.010166004242
1339,20763.0089223494
1340,20863.007678699214
1341,20963.00643505194
1342,21063.00519140772
1343,21163.003947765537
1344,21263.002704125392
1345,21363.00146048772
1346,21463.000216850487
1347,21562.99897321529
1348,21662.997729581548
1349,21762.99648594795
1350,21862.99524231552
1351,21962.993998682796
1352,22062.992755050363
1353,22162.99151141866
1354,22262.99026778739
1355,22362.989024156268
1356,22462.987780525145
1357,22562.986536893877
1358,22662.985293262027
1359,22762.98404963003
1360,22862.982805998472
1361,22962.98156236662
1362,23062.980318734917
1363,23162.979075103794
1364,23262.977831472817
1365,23362.976587841986
1366,23462.97534421101
1367,23562.974100579886
1368,23662.972856948036
1369,23762.97161331604
1370,23862.970369684044
1371,23962.96912605263
1372,24062.967882421217
1373,24162.966638789512
1374,24262.965395158244
1375,24362.96415152683
1376,24462.96290789498
1377,24562.96166426313
1378,24662.96042063186
1379,24762.959177000594
1380,24862.957933369034
1381,24962.95668973791
1382,25062.95544610679
1383,25162.954202475375
1384,25262.95295884338
1385,25362.95171521124
1386,25462.950471579243
1387,25562.94922794783
1388,25662.947984316415
1389,25762.94674068471
1390,25862.945497053443
1391,25962.944253422174
1392,26062.94300979076
1393,26162.941766158765
1394,26262.940522526624
1395,26362.939278894628
1396,26462.938035263214
1397,26562.936791631946
1398,26662.935548000532
1399,26762.934304368682
1400,26862.933060736832
1401,26962.931817105564
1402,27062.930573474296
1403,27162.929329842882
1404,27262.92808621103
1405,27362.92684257918
1406,27462.925598947477
1407,10000.0
1408,10094.671511650085
1409,10188.256071805954
1410,10280.270121097565
1411,10369.886095523834
1412,10455.371317863464
1413,10533.400113582611
1414,10599.948012828827
1415,10650.273258686066
1416,10678.913910388947
1417,10680.41421175003
1418,10650.202400684357
1419,10594.778645038605
1420,10548.952372074127
1421,10524.41814661026
1422,10521.771605014801
1423,10544.270565509796
1424,10589.19631242752
1425,10651.534733772278
1426,10726.531360149384
1427,10809.529968500137
1428,10897.556147575378
1429,10989.250308275223
1430,11083.474457859993
1431,11179.315004348755
1432,11276.201765835285
1433,11373.839354664087
1434,11472.084760665894
1435,11570.806334614754
1436,11669.885625466704
1437,11769.230560585856
1438,11868.77214320004
1439,11968.452307991683
1440,12068.231796585023
1441,12168.083640821278
1442,12267.984908455983
1443,12367.919248337857
1444,12467.875365447253
1445,12567.846250019502
1446,12667.82693370129
1447,12767.814091776963
1448,12867.805540336994
1449,12967.799852126627
1450,13067.796059439715
1451,13167.793498622777
1452,13267.791726665455
1453,13367.790445638384
1454,13467.789456911341
1455,13567.788629479619
1456,13667.7878712261
1457,13767.787133342863
1458,13867.78638378717
1459,13967.785604454912
1460,14067.784785848999
1461,14167.783924146934
1462,14267.783019071503
1463,14367.782072462069
1464,14467.781087343974
1465,14567.780067299536
1466,14667.779016079076
1467,14767.777937378123
1468,14867.776834658725
1469,14967.775711104114
1470,15067.774569572139
1471,15167.773412598981
1472,15267.772242410356
1473,15367.771060947634
1474,15467.769869887343
1475,15567.768670672958
1476,15667.767464544231
1477,15767.766252558067
1478,15867.765035616248
1479,15967.763814484715
1480,16067.762589816339
1481,16167.761362161473
1482,16267.76013198738
1483,16367.758899689725
1484,16467.75766560044
1485,16567.756430003137
1486,16667.755193134435
1487,16767.753955194567
1488,16867.75271635408
1489,16967.751476753983
1490,17067.750236515203
1491,17167.74899573873
1492,17267.747754509983
1493,17367.74651289983
1494,17467.745270969826
1495,17567.74402877105
1496,17667.742786344243
1497,17767.741543726224
1498,17867.74030094799
1499,17967.73905803544
1500,18067.737815007058
1501,18167.73657188365
1502,18267.735328679046
1503,18367.73408540692
1504,18467.732842078185
1505,18567.731598701284
1506,18667.730355284075
1507,18767.72911183325
1508,18867.72786835594
1509,18967.726624852876
1510,19067.72538133002
1511,19167.724137789846
1512,19267.722894235703
1513,19367.721650668755
1514,19467.720407092056
1515,19567.71916350648
1516,19667.717919914212
1517,19767.71667631554
1518,19867.715432711775
1519,19967.71418910379
1520,20067.712945492312
1521,20167.711701877924
1522,20267.710458261063
1523,20367.709214642164
1524,20467.70797102152
1525,20567.706727399127
1526,20667.705483776008
1527,20767.704240152307
1528,20867.702996527005
1529,20967.70175290185
1530,21067.700509274073
1531,21167.69926564717
1532,21267.698022019395
1533,21367.69677839089
1534,21467.695534761515
1535,21567.694291131993
1536,21667.693047501743
1537,21767.691803871494
1538,21867.690560240953
1539,21967.68931660954
1540,22067.68807297798
1541,22167.686829346712
1542,22267.685585714862
1543,22367.684342083157
1544,22467.68309845189
1545,22567.681854820767
1546,22667.680611189353
1547,22767.679367558376
1548,22867.6781239274
1549,22967.676880295985
1550,23067.675636665008
1551,23167.674393033594
1552,23267.673149402617
1553,23367.67190577164
1554,23467.670662140663
1555,23567.669418509104
1556,23667.6681748774
1557,23767.66693124613
1558,23867.66568761501
1559,23967.664443983595
1560,24067.6632003516
1561,24167.661956719603
1562,24267.6607130879
1563,24367.659469455903
1564,24467.658225824343
1565,24567.656982192493
1566,24667.65573856108
1567,24767.654494929666
1568,24867.653251297816
1569,24967.652007665965
1570,25067.650764034697
1571,25167.649520403575
1572,25267.648276772015
1573,25367.647033140893
1574,25467.645789509916
1575,25567.644545878502
1576,25667.64330224738
1577,25767.642058615966
1578,25867.64081498499
1579,25967.63957135401
1580,26067.638327722598
1581,26167.63708409162
1582,26267.635840460644
1583,26367.634596829375
1584,26467.633353197525
1585,26567.63210956553
1586,26667.630865933534
1587,26767.62962230212
1588,26867.62837867085
1589,26967.627135039147
1590,27067.62589140788
1591,27167.62464777661
1592,27267.623404145197
1593,27367.6221605132
1594,27467.62091688106
1595,27567.61967324892
1596,27667.61842961736
1597,27767.617185985946
1598,27867.61594235424
1599,27967.614698722973
1600,28067.613455091705
1601,28167.61221146
1602,28267.610967828587
1603,28367.609724196736
1604,28467.608480565323
1605,28567.607236933618
1606,28667.60599330235
1607,28767.60474967108
1608,10000.0
1609,10051.028695106506
1610,10101.90523147583
1611,10149.359822273254
1612,10189.819836616516
1613,10219.825205802917
1614,10236.227841377258
1615,10236.434826850891
1616,10218.63890171051
1617,10208.676590919495
1618,10211.510224342346
1619,10227.537198066711
1620,10256.600604057312
1621,10297.959833145142
1622,10350.360722541809
1623,10412.260687351227
1624,10482.030775547028
1625,10558.12826871872
1626,10639.19138431549
1627,10724.072082042694
1628,10811.830693483353
1629,10901.710342168808
1630,10993.102486133575
1631,11085.510981678963
1632,11178.513869643211
1633,11271.724836826324
1634,11364.745155572891
1635,11457.09932923317
1636,11548.123848438263
1637,11636.72271490097
1638,11720.796622037888
1639,11796.893364191055
1640,11860.963195562363
1641,11908.183048963547
1642,11933.161848783493
1643,11930.748270750046
1644,11896.735218763351
1645,11836.001938581467
1646,11795.053528547287
1647,11774.964073896408
1648,11777.191990613937
1649,11804.725254774094
1650,11853.698900938034
1651,11919.078685045242
1652,11996.216541528702
1653,12080.588901042938
1654,12169.644701480865
1655,12262.083052396774
1656,12356.798726320267
1657,12452.942099869251
1658,12550.038493275642
1659,12647.844174653292
1660,12746.224109828472
1661,12845.047137886286
1662,12944.201913252473
1663,13043.603995963931
1664,13143.185403682292
1665,13242.894150465727
1666,13342.694468721747
1667,13442.560775335878
1668,13542.471779007465
1669,13642.412561094388
1670,13742.373000429943
1671,13842.34680181602
1672,13942.329370846273
1673,14042.317794474075
1674,14142.310083385673
1675,14242.304953866405
1676,14342.301526489027
1677,14442.299201192072
1678,14542.29757744557
1679,14642.296386359376
1680,14742.295448927325
1681,14842.294645263755
1682,14942.29389615939
1683,15042.293157665554
1684,15142.292401850864
1685,15242.291613157577
1686,15342.290783778808
1687,15442.289910965701
1688,15542.288995086274
1689,15642.288038363331
1690,15742.287044006953
1691,15842.286015674836
1692,15942.284957120064
1693,16042.283871988839
1694,16142.282763679978
1695,16242.281635292238
1696,16342.280489603072
1697,16442.279329066732
1698,16542.27815583683
1699,16642.276971781757
1700,16742.275778518015
1701,16842.274577434655
1702,16942.273369722243
1703,17042.272156394174
1704,17142.270938319125
1705,17242.269716230076
1706,17342.26849075305
1707,17442.267262415844
1708,17542.266031665786
1709,17642.264798883116
1710,17742.263564385357
1711,17842.26232844303
1712,17942.261091284454
1713,18042.25985310026
1714,18142.2586140543
1715,18242.257374281617
1716,18342.25613389761
1717,18442.254892999626
1718,18542.253651667997
1719,18642.252409971843
1720,18742.25116796966
1721,18842.249925708602
1722,18942.24868323072
1723,19042.247440569918
1724,19142.24619775574
1725,19242.244954811467
1726,19342.243711758783
1727,19442.242468614422
1728,19542.241225393373
1729,19642.23998210611
1730,19742.238738764427
1731,19842.237495376758
1732,19942.23625195038
1733,20042.23500849199
1734,20142.233765006968
1735,20242.23252149779
1736,20342.231277969404
1737,20442.2300344253
1738,20542.22879086723
1739,20642.22754729737
1740,20742.22630371849
1741,20842.225060131605
1742,20942.22381653788
1743,21042.222572937608
1744,21142.22132933326
1745,21242.220085724548
1746,21342.21884211205
1747,21442.21759849752
1748,21542.21635488022
1749,21642.215111260593
1750,21742.213867639948
1751,21842.21262401712
1752,21942.211380393564
1753,22042.21013676899
1754,22142.20889314369
1755,22242.207649517513
1756,22342.20640589032
1757,22442.20516226327
1758,22542.203918634914
1759,22642.202675006556
1760,22742.201431376307
1761,22842.200187747367
1762,22942.198944117845
1763,23042.197700487886
1764,23142.1964568572
1765,23242.195213226514
1766,23342.1939695951
1767,23442.192725963832
1768,23542.191482331982
1769,23642.190238699986
1770,23742.188995068427
1771,23842.18775143643
1772,23942.18650780458
1773,24042.18526417346
1774,24142.18402054248
1775,24242.182776911504
1776,24342.181533280527
1777,24442.180289648968
1778,24542.1790460177
1779,24642.177802385995
1780,24742.17655875458
1781,24842.17531512273
1782,24942.174071491172
1783,25042.172827859322
1784,25142.171584227908
1785,25242.170340596058
1786,25342.169096964644
1787,25442.16785333323
1788,25542.166609701526
1789,25642.165366070112
1790,25742.164122438262
1791,25842.16287880685
1792,25942.161635174998
1793,26042.160391543584
1794,26142.15914791217
1795,26242.15790428032
1796,26342.15666064847
1797,26442.155417017202
1798,26542.154173385934
1799,26642.152929754375
1800,26742.151686123252
1801,26842.15044249213
1802,26942.14919886086
1803,27042.14795522901
1804,27142.146711597015
1805,27242.145467965456
1806,27342.14422433346
1807,27442.1429807019
1808,27542.14173707005
1809,10000.0
1810,10018.905868530273
1811,10033.134098052979
1812,10040.799970626831
1813,10040.304899215698
1814,10040.233545303345
1815,10047.08155632019
1816,10061.337327957153
1817,10083.253636360168
1818,10112.81807422638
1819,10149.744834899902
1820,10193.492794036865
1821,10243.298377990723
1822,10298.230261802673
1823,10357.232751846313
1824,10419.172637462616
1825,10482.721383571625
1826,10545.53104877472
1827,10603.968858718872
1828,10654.125084877014
1829,10692.034783363342
1830,10713.951697349548
1831,10716.733813285828
1832,10698.01914691925
1833,10673.838057518005
1834,10664.602246284485
1835,10671.0005235672
1836,10692.979707717896
1837,10729.669170379639
1838,10779.467396736145
1839,10840.386531352997
1840,10910.320017337799
1841,10987.361469268799
1842,11069.997400045395
1843,11157.302590608597
1844,11248.549023270607
1845,11342.615727186203
1846,11438.604760169983
1847,11535.834282040596
1848,11633.869878053665
1849,11732.49520599842
1850,11831.540578305721
1851,11930.878718197346
1852,12030.412524528801
1853,12130.083274580538
1854,12229.850571695715
1855,12329.684418719262
1856,12429.56563915126
1857,12529.479818539694
1858,12629.417437836528
1859,12729.371741679497
1860,12829.337929657195
1861,12929.312703858595
1862,13029.293636055663
1863,13129.279110904317
1864,13229.267893163487
1865,13329.25910717051
1866,13429.252115482814
1867,13529.246454290696
1868,13629.241791056702
1869,13729.23788103828
1870,13829.234543514904
1871,13929.2316442437
1872,14029.2290829189
1873,14129.226784112398
1874,14229.224690721749
1875,14329.222759209952
1876,14429.220956191712
1877,14529.219255781209
1878,14629.217637648544
1879,14729.216085868538
1880,14829.214587890747
1881,14929.21313374769
1882,15029.211715471174
1883,15129.210326651519
1884,15229.208962106059
1885,15329.207617624925
1886,15429.206289768044
1887,15529.204975716711
1888,15629.20367315397
1889,15729.202380164643
1890,15829.201095166354
1891,15929.19981684332
1892,16029.198544105166
1893,16129.197276044288
1894,16229.196011900203
1895,16329.194751041941
1896,16429.19349293632
1897,16529.192237142997
1898,16629.1909832909
1899,16729.18973106949
1900,16829.18848021698
1901,16929.187230514508
1902,17029.18598177901
1903,17129.18473385609
1904,17229.183486616967
1905,17329.182239950896
1906,17429.180993768096
1907,17529.17974799071
1908,17629.178502554132
1909,17729.177257405536
1910,17829.176012497483
1911,17929.17476779374
1912,18029.173523259815
1913,18129.172278870974
1914,18229.171034601313
1915,18329.169790433807
1916,18429.16854635172
1917,18529.167302340356
1918,18629.166058389965
1919,18729.16481449036
1920,18829.16357063281
1921,18929.16232681222
1922,19029.16108302161
1923,19129.15983925559
1924,19229.158595512563
1925,19329.157351787435
1926,19429.156108076713
1927,19529.15486437836
1928,19629.153620690486
1929,19729.152377011924
1930,19829.151133340783
1931,19929.14988967532
1932,20029.148646016984
1933,20129.14740236214
1934,20229.146158711956
1935,20329.144915064826
1936,20429.143671420898
1937,20529.142427779007
1938,20629.141184139444
1939,20729.139940501336
1940,20829.13869686483
1941,20929.137453230796
1942,21029.136209596618
1943,21129.134965963458
1944,21229.133722330444
1945,21329.13247869874
1946,21429.131235066598
1947,21529.129991434893
1948,21629.128747803334
1949,21729.127504171483
1950,21829.12626054007
1951,21929.125016908656
1952,22029.123773276806
1953,22129.122529644956
1954,22229.121286013542
1955,22329.120042382274
1956,22429.118798750715
1957,22529.117555119446
1958,22629.11631148818
1959,22729.115067856765
1960,22829.11382422477
1961,22929.112580592628
1962,23029.111336960486
1963,23129.110093328927
1964,23229.108849697514
1965,23329.107606065663
1966,23429.10636243425
1967,23529.105118802836
1968,23629.103875170986
1969,23729.102631539135
1970,23829.10138790772
1971,23929.100144276454
1972,24029.09890064504
1973,24129.097657013044
1974,24229.09641338105
1975,24329.0951697492
1976,24429.093926118076
1977,24529.0926824871
1978,24629.09143885612
1979,24729.090195225144
1980,24829.088951593585
1981,24929.087707962317
1982,25029.086464330903
1983,25129.085220698908
1984,25229.083977066766
1985,25329.082733434625
1986,25429.081489803066
1987,25529.080246171507
1988,25629.079002539656
1989,25729.077758908243
1990,25829.07651527683
1991,25929.07527164498
1992,26029.07402801313
1993,26129.072784381715
1994,26229.071540750447
1995,26329.070297119033
1996,26429.069053487037
1997,26529.06780985504
1998,26629.06656622319
1999,26729.065322591923
2000,26829.064078960946
2001,26929.06283532997
2002,27029.061591698555
2003,27129.060348067578
2004,27229.0591044366
2005,27329.05786080548
2006,27429.056617173774
2007,27529.055373541923
2008,27629.054129910364
2009,27729.052886278514
